temperature_c,humidity_pct,pressure_hpa,mq4_ch4_ppm,mq135_gas_ppm,sound_db,vibration_g,Actual_Risk,ML_Prediction,Critical_Danger_Probability,High_Risk_Probability,Moderate_Risk_Probability,Safe_Probability,V2_Prediction,V2_Escalated
28.38,60.1,1012.07,117.41,63.71,49.93,0.17,3,3,0.03,0.03,0.0,0.94,3,False
29.1,88.63,1009.44,364.92,302.12,40.83,0.08,2,2,0.0,0.02,0.98,0.0,2,False
25.71,66.28,1007.11,228.34,40.43,107.2,2.95,0,0,0.91,0.05,0.0,0.04,0,True
23.84,60.94,1011.72,180.75,108.63,110.68,3.28,0,0,0.99,0.01,0.0,0.0,0,True
32.45,85.32,1006.51,372.56,548.83,49.24,0.16,1,1,0.0,0.98,0.02,0.0,1,False
48.63,37.84,1011.64,480.86,286.95,79.45,0.33,0,0,0.96,0.04,0.0,0.0,0,True
21.17,57.42,1007.58,209.07,54.78,91.15,5.88,1,1,0.36,0.63,0.0,0.01,1,False
27.48,57.69,1018.59,1586.93,177.37,59.24,0.29,1,1,0.47,0.53,0.0,0.0,0,True
32.68,87.74,1002.46,207.32,478.77,44.36,0.08,1,1,0.0,1.0,0.0,0.0,1,False
23.9,65.23,1013.16,131.95,66.3,50.59,0.09,3,3,0.0,0.0,0.0,1.0,3,False
23.55,66.79,1012.88,138.67,58.97,52.05,0.22,3,3,0.0,0.0,0.0,1.0,3,False
33.01,90.3,1004.74,352.44,440.36,43.22,0.17,1,1,0.0,0.99,0.01,0.0,1,False
28.14,85.41,1004.51,416.99,368.96,49.9,0.09,1,1,0.0,0.99,0.0,0.01,1,False
25.48,61.9,1010.27,173.37,41.39,59.52,0.08,3,3,0.0,0.0,0.0,1.0,3,False
23.44,69.78,1009.86,102.17,64.35,73.71,0.08,3,3,0.08,0.19,0.0,0.73,3,False
42.32,43.86,1016.56,928.23,402.15,75.56,0.42,0,0,0.94,0.06,0.0,0.0,0,True
55.08,32.88,1014.99,1071.72,660.74,62.75,0.42,0,0,1.0,0.0,0.0,0.0,0,True
51.42,34.95,1017.72,833.29,329.81,56.19,0.4,0,0,0.92,0.08,0.0,0.0,0,True
28.26,61.09,1008.48,200.46,78.7,102.23,3.02,0,0,0.97,0.03,0.0,0.0,0,True
23.1,57.5,1019.51,235.5,46.2,52.84,0.1,3,3,0.15,0.1,0.0,0.75,3,False
56.82,34.86,1012.07,505.21,535.18,64.65,0.37,0,0,1.0,0.0,0.0,0.0,0,True
21.84,64.84,1012.13,34.01,32.55,65.76,0.22,3,3,0.02,0.0,0.0,0.98,3,False
22.16,67.93,1012.89,108.98,66.27,88.72,4.79,1,0,0.64,0.36,0.0,0.0,0,True
23.38,62.77,1015.5,133.66,81.29,61.64,0.14,3,3,0.0,0.0,0.0,1.0,3,False
25.0,68.45,1014.43,206.36,92.19,94.92,4.12,1,0,0.72,0.28,0.0,0.0,0,True
24.54,66.98,1018.31,134.57,40.81,57.98,0.13,3,3,0.0,0.0,0.0,1.0,3,False
47.42,39.5,1005.73,400.29,470.57,62.35,0.32,0,0,1.0,0.0,0.0,0.0,0,True
27.92,52.98,1014.0,66.57,42.58,57.17,0.23,3,3,0.01,0.02,0.0,0.97,3,False
27.42,61.16,1016.33,79.67,62.94,48.65,0.24,3,3,0.0,0.0,0.0,1.0,3,False
27.84,63.89,1014.64,205.44,95.93,54.5,0.19,3,3,0.03,0.01,0.0,0.96,3,False
23.76,61.87,1011.23,205.55,75.84,62.0,0.15,3,3,0.0,0.0,0.0,1.0,3,False
26.59,74.0,1009.17,3099.04,144.48,69.2,0.15,0,0,0.89,0.1,0.0,0.01,0,True
34.54,87.15,1007.84,355.81,414.89,45.35,0.16,1,1,0.0,1.0,0.0,0.0,1,False
22.13,63.1,1011.77,85.66,84.38,71.61,0.16,3,3,0.07,0.14,0.0,0.79,3,False
24.19,68.28,1010.82,138.84,111.07,88.87,3.18,0,0,0.62,0.37,0.0,0.01,0,True
23.69,55.93,1006.58,102.22,91.93,55.26,0.14,3,3,0.04,0.05,0.0,0.91,3,False
28.09,68.18,1002.48,1129.25,113.38,63.14,0.22,0,0,0.51,0.48,0.0,0.01,0,True
53.82,43.02,1003.38,896.33,398.97,63.57,0.42,0,0,0.99,0.01,0.0,0.0,0,True
27.6,46.95,1015.27,174.87,54.23,59.65,0.08,3,3,0.03,0.04,0.0,0.93,3,False
22.55,62.59,1011.64,229.74,64.83,90.15,2.05,0,0,0.83,0.14,0.0,0.03,0,True
27.57,65.18,1007.95,1686.27,87.31,62.03,0.33,1,0,0.52,0.47,0.0,0.01,0,True
21.79,65.8,1013.45,36.36,28.95,50.49,0.21,3,3,0.0,0.0,0.0,1.0,3,False
23.57,69.95,1016.0,249.37,97.07,115.07,4.88,0,0,0.91,0.09,0.0,0.0,0,True
31.82,89.76,1006.83,339.58,359.3,47.52,0.06,1,1,0.0,0.96,0.04,0.0,1,False
26.46,55.37,1015.88,103.59,101.8,94.87,4.74,1,0,0.69,0.31,0.0,0.0,0,True
26.33,59.02,1004.75,2334.02,111.98,53.97,0.14,0,0,0.61,0.37,0.0,0.02,0,True
24.42,56.27,1013.22,209.13,49.48,52.83,0.05,3,3,0.0,0.0,0.0,1.0,3,False
23.72,57.79,1011.77,117.08,67.25,58.75,0.21,3,3,0.0,0.0,0.0,1.0,3,False
23.79,57.37,1014.71,885.76,140.73,58.06,0.25,0,0,0.52,0.45,0.0,0.03,0,True
37.65,30.68,1007.56,798.04,376.24,71.42,0.23,1,1,0.15,0.85,0.0,0.0,1,False
51.38,44.03,1013.38,1064.77,494.37,75.47,0.34,0,0,1.0,0.0,0.0,0.0,0,True
29.77,55.62,1007.66,3389.15,82.36,68.72,0.33,0,0,0.94,0.06,0.0,0.0,0,True
27.12,63.89,1008.7,1094.12,158.66,58.85,0.29,1,0,0.54,0.46,0.0,0.0,0,True
25.59,67.82,1013.92,228.94,29.06,49.86,0.07,3,3,0.03,0.03,0.01,0.93,3,False
54.62,36.54,1004.67,881.98,464.71,70.06,0.39,0,0,1.0,0.0,0.0,0.0,0,True
28.33,93.05,1014.81,165.78,296.81,46.94,0.16,2,2,0.02,0.31,0.62,0.05,2,False
25.23,62.82,1012.29,90.22,81.49,60.38,0.15,3,3,0.0,0.0,0.0,1.0,3,False
20.51,60.85,1010.65,130.07,85.89,60.53,0.22,3,3,0.0,0.0,0.0,1.0,3,False
24.98,65.19,1015.64,77.7,99.66,56.94,0.06,3,3,0.06,0.04,0.0,0.9,3,False
27.79,63.68,1014.29,102.05,77.64,60.13,0.09,3,3,0.0,0.0,0.0,1.0,3,False
23.89,57.57,1015.59,167.55,124.38,88.42,4.71,1,1,0.13,0.87,0.0,0.0,1,False
24.77,69.98,1010.97,217.79,39.54,54.34,0.17,3,3,0.0,0.0,0.0,1.0,3,False
26.93,50.46,1005.34,3737.86,99.06,62.93,0.17,0,0,0.95,0.04,0.0,0.01,0,True
30.14,93.73,1009.39,171.71,509.58,41.59,0.12,1,1,0.0,0.93,0.07,0.0,1,False
26.8,49.9,1001.55,3180.87,123.19,62.06,0.21,0,0,0.97,0.03,0.0,0.0,0,True
26.61,60.17,1011.4,125.7,70.09,60.32,0.15,3,3,0.0,0.0,0.0,1.0,3,False
25.22,66.31,1015.89,168.14,65.7,77.45,4.46,1,1,0.08,0.91,0.0,0.01,1,False
56.53,44.12,1005.31,1024.18,300.31,65.76,0.24,0,0,0.99,0.01,0.0,0.0,0,True
24.22,54.15,1011.29,61.63,62.47,50.49,0.23,3,3,0.0,0.0,0.0,1.0,3,False
25.43,60.81,1010.91,3484.8,179.39,71.56,0.11,0,0,0.89,0.11,0.0,0.0,0,True
34.15,87.66,1001.06,309.75,248.84,45.69,0.04,2,2,0.0,0.07,0.93,0.0,2,False
32.1,87.03,996.08,342.3,516.43,40.29,0.09,1,1,0.0,0.99,0.01,0.0,1,False
28.73,66.75,1010.43,105.2,27.19,52.53,0.16,3,3,0.04,0.06,0.04,0.86,3,False
23.33,66.42,1009.1,149.28,68.03,52.7,0.22,3,3,0.0,0.0,0.0,1.0,3,False
26.14,57.19,1014.5,80.35,41.12,58.13,0.16,3,3,0.0,0.0,0.0,1.0,3,False
30.43,93.7,1012.97,377.53,319.23,39.44,0.05,2,2,0.0,0.28,0.69,0.03,2,False
28.29,63.54,1007.56,1610.3,81.97,72.53,0.29,1,0,0.62,0.35,0.0,0.03,0,True
48.15,44.92,1010.21,521.85,421.53,55.54,0.26,0,0,0.99,0.01,0.0,0.0,0,True
29.84,90.59,1000.47,253.37,315.08,40.9,0.1,2,2,0.0,0.03,0.97,0.0,2,False
27.46,68.57,1009.91,2543.97,161.01,51.32,0.28,0,0,0.79,0.2,0.0,0.01,0,True
24.96,58.49,1008.05,149.73,41.39,57.91,0.22,3,3,0.0,0.0,0.0,1.0,3,False
27.08,59.09,1001.82,4082.57,135.71,43.92,0.32,0,0,0.95,0.04,0.0,0.01,0,True
26.99,55.28,1015.76,82.35,43.85,60.76,0.09,3,3,0.0,0.0,0.0,1.0,3,False
27.75,53.04,1007.73,171.66,115.6,106.64,5.04,0,0,0.85,0.15,0.0,0.0,0,True
22.44,67.45,1011.49,174.22,37.8,54.9,0.12,3,3,0.0,0.0,0.0,1.0,3,False
24.92,58.69,1011.41,86.75,70.38,56.95,0.18,3,3,0.0,0.0,0.0,1.0,3,False
21.01,59.18,1013.75,160.76,65.98,53.49,0.21,3,3,0.0,0.0,0.0,1.0,3,False
21.58,60.97,1008.72,187.03,73.6,93.2,3.4,0,0,0.82,0.18,0.0,0.0,0,True
26.6,60.36,1018.45,166.76,100.62,97.59,2.88,0,0,0.93,0.06,0.0,0.01,0,True
32.18,94.99,1011.13,428.74,326.25,45.39,0.07,2,2,0.0,0.22,0.78,0.0,2,False
40.05,41.48,1013.79,603.26,266.08,77.26,0.42,1,1,0.22,0.78,0.0,0.0,1,False
28.53,48.7,1001.91,4754.14,126.38,65.88,0.22,0,0,0.98,0.02,0.0,0.0,0,True
24.97,61.85,1016.66,77.79,63.65,53.11,0.09,3,3,0.0,0.0,0.0,1.0,3,False
22.51,68.05,1016.03,118.24,87.32,75.84,5.87,1,1,0.02,0.98,0.0,0.0,1,False
33.88,82.95,1005.42,341.73,281.88,48.43,0.13,2,2,0.0,0.09,0.91,0.0,2,False
25.23,64.66,1003.98,2847.77,124.69,59.06,0.35,0,0,0.96,0.04,0.0,0.0,0,True
56.65,28.22,1010.01,664.85,295.15,66.5,0.3,0,0,0.93,0.07,0.0,0.0,0,True
25.22,75.86,1012.9,190.81,41.02,111.64,3.22,0,0,0.85,0.12,0.0,0.03,0,True
37.85,35.86,1013.67,388.57,327.55,79.59,0.16,1,1,0.21,0.74,0.0,0.05,1,False
29.43,60.93,1002.95,1016.08,141.79,52.16,0.31,0,0,0.54,0.44,0.01,0.01,0,True
27.99,62.46,1013.69,82.63,51.34,59.45,0.06,3,3,0.01,0.01,0.0,0.98,3,False
22.85,59.48,1007.4,2027.36,108.45,59.39,0.14,0,0,0.63,0.33,0.0,0.04,0,True
25.2,72.5,1009.17,175.89,96.41,82.61,6.39,1,1,0.08,0.92,0.0,0.0,1,False
22.57,61.29,1014.1,116.45,40.15,58.86,0.2,3,3,0.0,0.0,0.0,1.0,3,False
29.12,70.82,1011.78,150.94,56.14,90.4,4.43,0,0,0.55,0.45,0.0,0.0,0,True
27.05,73.87,1013.13,237.24,74.58,102.03,4.4,0,0,0.87,0.13,0.0,0.0,0,True
29.37,53.04,1006.98,2534.3,134.49,61.63,0.3,0,0,0.79,0.21,0.0,0.0,0,True
27.86,60.39,1012.58,222.17,53.73,95.21,3.61,0,0,0.86,0.13,0.0,0.01,0,True
25.29,49.21,1011.6,91.14,48.43,45.33,0.21,3,3,0.01,0.01,0.0,0.98,3,False
24.49,58.71,1009.54,1186.54,148.01,67.62,0.26,0,0,0.73,0.27,0.0,0.0,0,True
25.18,54.62,995.88,939.15,152.43,66.11,0.18,1,1,0.43,0.56,0.0,0.01,0,True
49.01,34.3,1013.05,824.65,384.21,70.29,0.3,0,0,0.95,0.05,0.0,0.0,0,True
41.84,41.35,1012.4,664.43,395.34,53.21,0.37,1,1,0.43,0.57,0.0,0.0,0,True
27.02,75.67,1013.25,180.83,60.32,95.82,3.88,0,0,0.81,0.19,0.0,0.0,0,True
21.03,60.06,1016.06,115.9,57.04,60.54,0.1,3,3,0.0,0.0,0.0,1.0,3,False
22.72,57.91,1015.87,87.8,88.22,54.33,0.22,3,3,0.0,0.0,0.0,1.0,3,False
27.11,69.6,1011.72,57.6,53.3,47.03,0.24,3,3,0.0,0.0,0.0,1.0,3,False
57.6,44.13,1010.07,970.4,616.5,57.38,0.33,0,0,0.98,0.02,0.0,0.0,0,True
28.04,52.56,1012.01,2640.53,157.17,58.69,0.12,0,0,0.91,0.09,0.0,0.0,0,True
49.18,40.47,1009.05,801.23,343.0,73.68,0.36,0,0,0.97,0.03,0.0,0.0,0,True
29.17,91.27,1000.87,183.81,234.59,48.41,0.14,2,2,0.0,0.05,0.95,0.0,2,False
26.4,63.73,1016.47,110.52,84.95,60.19,0.16,3,3,0.0,0.0,0.0,1.0,3,False
23.73,60.11,1015.63,132.16,51.06,56.53,0.16,3,3,0.0,0.0,0.0,1.0,3,False
40.7,46.69,1008.33,838.58,578.69,63.68,0.22,0,0,0.97,0.03,0.0,0.0,0,True
24.75,61.37,1018.67,126.22,68.1,53.92,0.12,3,3,0.0,0.0,0.0,1.0,3,False
25.9,68.81,1011.29,196.76,111.94,109.2,2.25,0,0,0.98,0.02,0.0,0.0,0,True
47.02,35.67,1010.48,708.47,394.85,64.11,0.23,0,0,0.99,0.01,0.0,0.0,0,True
22.36,67.03,1013.76,86.03,54.09,61.66,0.2,3,3,0.0,0.0,0.0,1.0,3,False
27.98,58.63,1003.45,2960.17,168.86,55.43,0.13,0,0,0.99,0.01,0.0,0.0,0,True
30.27,87.74,1005.94,392.46,471.85,41.12,0.13,1,1,0.0,0.96,0.04,0.0,1,False
26.71,76.01,1013.8,138.1,48.53,94.4,4.14,1,0,0.68,0.32,0.0,0.0,0,True
49.37,43.62,1009.76,632.38,464.72,80.14,0.41,0,0,1.0,0.0,0.0,0.0,0,True
27.61,61.61,1005.94,1124.85,129.56,46.48,0.32,1,0,0.54,0.45,0.0,0.01,0,True
50.14,37.16,1012.02,984.98,645.96,66.0,0.19,0,0,1.0,0.0,0.0,0.0,0,True
26.59,59.04,1011.4,4677.6,162.81,68.06,0.16,0,0,0.96,0.04,0.0,0.0,0,True
21.44,62.04,1007.78,182.02,54.16,86.77,5.69,1,1,0.14,0.86,0.0,0.0,1,False
25.56,64.21,1009.73,55.57,85.71,59.05,0.21,3,3,0.0,0.0,0.0,1.0,3,False
34.36,93.32,1004.88,389.45,253.25,43.54,0.08,2,2,0.0,0.18,0.82,0.0,2,False
52.37,46.38,1003.55,1067.32,424.63,61.77,0.3,0,0,1.0,0.0,0.0,0.0,0,True
23.95,56.25,1016.77,129.41,77.73,53.2,0.16,3,3,0.0,0.0,0.0,1.0,3,False
23.49,60.95,1008.15,157.05,63.2,51.45,0.25,3,3,0.02,0.01,0.0,0.97,3,False
34.46,90.39,1003.79,206.13,475.95,51.38,0.12,1,1,0.0,0.96,0.02,0.02,1,False
27.88,59.86,1007.84,141.72,45.68,99.28,3.37,0,0,0.96,0.04,0.0,0.0,0,True
23.78,66.65,1011.9,85.2,80.86,58.74,0.13,3,3,0.0,0.0,0.0,1.0,3,False
27.73,55.56,1011.46,4537.69,156.4,55.74,0.21,0,0,0.96,0.04,0.0,0.0,0,True
32.17,94.21,1000.79,164.27,341.06,40.22,0.14,2,2,0.0,0.12,0.88,0.0,2,False
29.78,56.86,1008.07,112.91,50.2,49.47,0.22,3,3,0.09,0.09,0.02,0.8,3,False
25.59,61.68,1011.73,113.52,78.83,116.23,5.03,0,0,1.0,0.0,0.0,0.0,0,True
29.13,91.21,1000.39,184.54,510.31,43.81,0.09,1,1,0.0,0.96,0.04,0.0,1,False
25.11,68.14,1016.58,87.21,40.87,57.68,0.2,3,3,0.0,0.0,0.0,1.0,3,False
22.16,60.67,1003.82,3264.27,189.72,71.3,0.15,0,0,0.89,0.11,0.0,0.0,0,True
29.18,59.59,1013.52,203.83,112.67,72.73,4.51,1,1,0.14,0.83,0.0,0.03,1,False
26.94,72.22,1015.02,150.64,54.3,45.32,0.08,3,3,0.0,0.0,0.0,1.0,3,False
32.35,95.57,1008.05,209.19,533.37,45.54,0.13,1,1,0.0,0.96,0.04,0.0,1,False
40.33,43.16,1008.18,795.02,644.86,63.83,0.39,0,0,1.0,0.0,0.0,0.0,0,True
28.52,62.68,1011.08,180.53,92.0,41.58,0.21,3,3,0.11,0.05,0.01,0.83,3,False
24.64,67.92,1013.97,175.34,68.62,58.29,0.18,3,3,0.0,0.0,0.0,1.0,3,False
22.56,63.9,1014.91,89.08,53.56,53.11,0.12,3,3,0.0,0.0,0.0,1.0,3,False
20.36,63.87,1010.2,162.49,97.7,102.73,4.5,0,0,0.97,0.03,0.0,0.0,0,True
27.64,55.57,1010.89,4609.94,158.58,69.15,0.27,0,0,0.95,0.05,0.0,0.0,0,True
27.45,66.41,1004.53,3670.31,105.36,78.9,0.22,0,0,0.9,0.1,0.0,0.0,0,True
23.47,55.46,1007.81,106.7,66.82,59.99,0.12,3,3,0.0,0.0,0.0,1.0,3,False
27.1,62.88,1010.86,3749.6,82.65,59.99,0.1,0,0,0.88,0.05,0.0,0.07,0,True
39.72,45.16,1014.62,1041.32,576.5,66.94,0.41,0,0,0.94,0.06,0.0,0.0,0,True
26.89,70.92,1012.17,81.19,129.63,92.43,3.27,1,1,0.39,0.6,0.0,0.01,1,False
26.47,54.54,1012.93,150.71,54.37,107.65,5.06,0,0,0.96,0.04,0.0,0.0,0,True
47.54,44.85,1010.66,405.53,591.73,66.25,0.33,0,0,1.0,0.0,0.0,0.0,0,True
51.39,47.35,1011.05,263.97,335.6,80.64,0.43,0,0,0.89,0.11,0.0,0.0,0,True
21.96,62.2,1010.19,80.24,25.59,53.63,0.15,3,3,0.0,0.0,0.0,1.0,3,False
23.12,56.33,1014.93,201.2,64.71,60.71,0.17,3,3,0.0,0.0,0.0,1.0,3,False
30.46,94.47,1009.05,174.42,368.53,48.86,0.05,1,1,0.0,0.92,0.08,0.0,1,False
19.34,61.74,1013.66,148.58,104.67,116.0,3.11,0,0,0.93,0.06,0.0,0.01,0,True
25.58,66.96,1015.85,116.58,120.52,71.13,3.87,1,1,0.05,0.93,0.0,0.02,1,False
25.47,54.74,1010.78,163.14,88.03,49.43,0.23,3,3,0.01,0.0,0.0,0.99,3,False
19.75,60.38,1013.53,178.95,43.53,51.6,0.07,3,3,0.02,0.0,0.0,0.98,3,False
27.94,59.44,1012.65,4281.08,104.99,69.42,0.33,0,0,0.93,0.06,0.0,0.01,0,True
32.36,57.45,1005.34,4093.39,122.26,64.56,0.12,0,0,0.99,0.01,0.0,0.0,0,True
32.62,83.38,1009.56,318.2,250.76,40.96,0.06,2,2,0.0,0.02,0.98,0.0,2,False
26.43,67.06,1008.15,88.14,60.02,60.24,0.2,3,3,0.0,0.01,0.0,0.99,3,False
27.18,61.01,1008.92,4690.74,143.01,79.53,0.2,0,0,0.92,0.08,0.0,0.0,0,True
26.13,52.04,1009.72,1672.91,103.15,68.2,0.31,1,0,0.58,0.42,0.0,0.0,0,True
25.46,63.03,1012.86,114.37,81.52,110.87,1.95,0,0,0.99,0.01,0.0,0.0,0,True
54.97,40.28,1009.11,706.71,644.68,67.45,0.33,0,0,1.0,0.0,0.0,0.0,0,True
26.42,64.52,1013.0,3821.42,178.15,57.02,0.18,0,0,0.97,0.03,0.0,0.0,0,True
25.15,53.94,1019.54,93.39,91.75,48.44,0.05,3,3,0.0,0.0,0.0,1.0,3,False
57.37,42.54,1007.61,547.21,262.71,57.59,0.31,0,0,0.95,0.05,0.0,0.0,0,True
32.45,89.0,1004.76,293.89,511.78,45.93,0.14,1,1,0.0,0.98,0.02,0.0,1,False
24.36,59.79,1005.96,3404.15,169.6,50.95,0.18,0,0,0.98,0.0,0.0,0.02,0,True
22.69,61.35,1009.4,2768.15,125.94,63.07,0.26,0,0,0.91,0.08,0.0,0.01,0,True
28.91,61.37,1012.53,226.47,115.24,110.06,5.05,0,0,0.82,0.18,0.0,0.0,0,True
25.23,67.61,1010.04,96.79,75.0,88.78,2.98,0,0,0.8,0.2,0.0,0.0,0,True
25.6,63.4,1016.83,33.97,51.77,50.65,0.21,3,3,0.0,0.0,0.0,1.0,3,False
25.01,62.94,1014.85,196.02,48.15,47.87,0.13,3,3,0.0,0.0,0.0,1.0,3,False
23.46,61.61,1013.02,63.19,69.51,54.69,0.09,3,3,0.0,0.0,0.0,1.0,3,False
23.28,66.63,1008.59,126.77,110.89,118.45,2.81,0,0,0.96,0.02,0.0,0.02,0,True
25.65,59.09,1009.03,2253.18,88.48,62.9,0.26,0,0,0.64,0.33,0.0,0.03,0,True
27.9,58.39,1009.82,183.45,84.85,114.14,4.38,0,0,0.95,0.05,0.0,0.0,0,True
46.05,37.5,1011.09,578.14,664.68,64.4,0.41,0,0,1.0,0.0,0.0,0.0,0,True
22.18,63.35,1014.54,200.9,54.05,48.07,0.18,3,3,0.0,0.0,0.0,1.0,3,False
34.32,82.7,1003.73,307.23,221.16,44.56,0.16,2,2,0.0,0.12,0.88,0.0,2,False
33.09,83.91,1008.35,251.85,530.53,45.04,0.18,1,1,0.02,0.96,0.02,0.0,1,False
21.85,63.68,1010.99,179.04,34.68,59.32,0.24,3,3,0.0,0.0,0.0,1.0,3,False
26.09,60.88,1022.51,210.24,87.12,47.34,0.24,3,3,0.01,0.0,0.0,0.99,3,False
20.02,67.3,1008.65,135.04,110.78,112.61,4.08,0,0,0.96,0.04,0.0,0.0,0,True
31.42,88.3,1004.94,209.81,314.6,38.59,0.13,2,2,0.0,0.11,0.89,0.0,2,False
39.07,39.38,1010.74,987.78,488.23,62.15,0.18,0,0,0.98,0.02,0.0,0.0,0,True
25.13,60.17,1014.91,218.42,62.53,88.49,2.2,0,0,0.73,0.27,0.0,0.0,0,True
25.68,49.24,1009.87,1378.0,162.62,56.58,0.17,0,0,0.57,0.42,0.0,0.01,0,True
27.02,65.1,1011.35,174.16,50.39,50.21,0.12,3,3,0.0,0.0,0.0,1.0,3,False
24.06,54.94,1012.33,285.73,121.53,84.17,4.37,1,1,0.21,0.79,0.0,0.0,1,False
29.14,59.94,1010.59,261.58,45.75,77.25,4.21,1,1,0.14,0.86,0.0,0.0,1,False
22.76,71.7,1009.22,132.25,83.3,88.81,2.07,0,0,0.6,0.39,0.0,0.01,0,True
25.09,66.85,1002.54,1367.67,156.0,59.05,0.18,0,1,0.45,0.54,0.0,0.01,0,True
25.08,62.03,1012.13,92.4,26.86,50.28,0.07,3,3,0.0,0.0,0.0,1.0,3,False
24.85,57.48,1008.55,161.0,83.29,51.46,0.19,3,3,0.0,0.0,0.0,1.0,3,False
27.66,69.73,1013.3,151.95,89.5,54.81,0.23,3,3,0.04,0.01,0.0,0.95,3,False
27.49,60.18,1011.19,204.76,49.56,56.5,0.19,3,3,0.0,0.0,0.0,1.0,3,False
22.85,63.66,1015.0,214.38,104.37,113.04,4.95,0,0,0.91,0.09,0.0,0.0,0,True
24.28,63.76,1017.58,75.55,67.11,47.3,0.18,3,3,0.0,0.0,0.0,1.0,3,False
22.03,62.23,1015.07,146.61,55.05,56.48,0.14,3,3,0.0,0.0,0.0,1.0,3,False
22.56,56.11,1011.93,179.16,41.26,53.27,0.25,3,3,0.01,0.0,0.0,0.99,3,False
22.94,60.69,1018.15,117.38,108.22,89.0,4.23,1,1,0.34,0.65,0.0,0.01,1,False
25.83,61.53,1019.03,61.33,72.31,46.99,0.07,3,3,0.0,0.0,0.0,1.0,3,False
56.01,44.74,1013.25,815.29,342.73,65.76,0.32,0,0,0.96,0.04,0.0,0.0,0,True
45.88,39.41,1009.18,620.25,410.83,74.29,0.4,0,0,1.0,0.0,0.0,0.0,0,True
26.13,62.62,1012.83,161.67,99.12,49.89,0.09,3,3,0.06,0.0,0.03,0.91,3,False
19.46,59.95,1008.2,215.77,119.45,74.6,5.97,1,1,0.08,0.9,0.0,0.02,1,False
21.89,63.63,1016.83,112.55,90.61,62.45,0.17,3,3,0.0,0.0,0.0,1.0,3,False
25.04,56.68,1012.66,226.92,71.84,55.78,0.18,3,3,0.03,0.03,0.0,0.94,3,False
22.34,64.24,1014.83,48.18,51.65,48.28,0.18,3,3,0.0,0.0,0.0,1.0,3,False
50.4,33.09,1007.72,749.88,567.9,67.3,0.27,0,0,1.0,0.0,0.0,0.0,0,True
24.2,60.15,1013.74,149.56,83.47,61.99,0.09,3,3,0.0,0.0,0.0,1.0,3,False
23.22,63.44,1012.4,66.61,64.6,57.65,0.2,3,3,0.0,0.0,0.0,1.0,3,False
28.75,59.14,1014.64,1884.54,142.93,77.28,0.24,0,1,0.44,0.56,0.0,0.0,0,True
20.57,60.35,1014.13,209.28,61.99,114.83,4.71,0,0,0.95,0.05,0.0,0.0,0,True
23.99,66.75,1013.87,293.05,85.89,85.97,5.1,1,1,0.04,0.96,0.0,0.0,1,False
52.71,45.06,1006.33,1076.93,342.66,62.74,0.35,0,0,0.97,0.03,0.0,0.0,0,True
28.4,66.7,1007.63,1286.22,126.59,47.05,0.16,1,0,0.63,0.33,0.01,0.03,0,True
26.59,63.33,1015.13,192.87,68.64,44.14,0.14,3,3,0.0,0.0,0.0,1.0,3,False
31.83,83.17,1004.28,268.1,312.94,44.45,0.08,2,2,0.0,0.05,0.95,0.0,2,False
23.98,61.61,1012.58,56.97,70.67,61.44,0.22,3,3,0.0,0.0,0.0,1.0,3,False
24.48,60.57,1016.65,176.24,78.47,62.75,0.19,3,3,0.0,0.0,0.0,1.0,3,False
27.52,55.75,1015.39,206.43,77.8,57.49,0.22,3,3,0.0,0.0,0.0,1.0,3,False
24.69,59.94,1011.97,4107.66,118.26,60.88,0.18,0,0,0.98,0.01,0.0,0.01,0,True
27.64,64.6,1013.21,171.43,50.79,54.26,0.06,3,3,0.0,0.0,0.0,1.0,3,False
25.93,59.46,1009.33,1956.15,173.0,63.52,0.17,0,0,0.71,0.28,0.0,0.01,0,True
25.95,54.3,1005.79,3812.83,94.53,53.43,0.23,0,0,0.78,0.19,0.0,0.03,0,True
25.78,62.79,1003.5,3282.37,136.09,56.42,0.12,0,0,0.97,0.03,0.0,0.0,0,True
33.17,94.7,1011.91,426.31,391.94,45.16,0.08,1,1,0.0,0.93,0.07,0.0,1,False
34.98,88.91,1006.19,203.52,384.44,49.4,0.15,1,1,0.0,0.98,0.02,0.0,1,False
22.97,66.69,1007.89,197.68,119.6,119.89,1.81,0,0,0.94,0.06,0.0,0.0,0,True
49.58,45.0,1008.96,1068.96,269.7,66.32,0.29,0,0,1.0,0.0,0.0,0.0,0,True
28.11,66.5,1005.58,1370.5,115.96,54.46,0.15,0,0,0.57,0.4,0.0,0.03,0,True
25.97,64.12,1016.03,104.99,47.94,45.4,0.12,3,3,0.0,0.0,0.0,1.0,3,False
23.55,61.45,1016.1,139.13,45.12,44.67,0.13,3,3,0.0,0.0,0.0,1.0,3,False
22.47,63.08,1015.5,123.23,62.98,54.39,0.18,3,3,0.0,0.0,0.0,1.0,3,False
47.23,30.4,1002.7,515.25,589.1,67.1,0.35,0,0,0.97,0.03,0.0,0.0,0,True
41.45,45.65,1009.34,556.72,505.45,75.86,0.2,0,0,0.96,0.04,0.0,0.0,0,True
34.36,92.65,1000.24,205.21,467.19,44.64,0.07,1,1,0.0,0.99,0.01,0.0,1,False
26.03,57.34,1009.0,167.59,116.76,112.91,2.18,0,0,0.97,0.03,0.0,0.0,0,True
26.9,72.45,1017.01,160.23,106.89,97.01,3.33,0,0,0.83,0.17,0.0,0.0,0,True
32.78,85.39,1008.37,391.19,397.85,45.28,0.06,1,1,0.0,0.96,0.04,0.0,1,False
33.78,92.24,1006.34,258.65,459.6,39.46,0.15,1,1,0.0,1.0,0.0,0.0,1,False
28.3,59.29,1003.37,3910.57,110.48,58.12,0.25,0,0,0.99,0.01,0.0,0.0,0,True
33.33,93.65,1011.64,442.59,428.28,44.46,0.08,1,1,0.01,0.96,0.03,0.0,1,False
24.29,65.51,1016.95,137.01,93.64,94.89,4.64,1,0,0.74,0.26,0.0,0.0,0,True
23.05,59.64,1009.35,202.65,50.01,54.73,0.16,3,3,0.01,0.0,0.0,0.99,3,False
23.95,58.88,1011.14,203.77,119.43,101.45,3.92,0,0,0.89,0.11,0.0,0.0,0,True
53.99,47.58,999.15,890.45,280.94,68.9,0.31,0,0,0.9,0.1,0.0,0.0,0,True
26.13,58.63,1013.28,271.66,78.47,74.06,3.24,1,1,0.21,0.79,0.0,0.0,1,False
55.84,44.13,1015.11,811.86,256.09,55.96,0.31,0,0,0.9,0.1,0.0,0.0,0,True
29.27,60.38,1008.16,299.2,107.57,86.12,4.37,1,1,0.22,0.77,0.0,0.01,1,False
42.65,42.28,1005.62,453.17,389.75,81.48,0.33,1,1,0.33,0.67,0.0,0.0,1,False
25.44,60.59,1013.69,143.31,45.11,51.38,0.18,3,3,0.0,0.0,0.0,1.0,3,False
28.07,67.71,1017.31,251.96,94.95,75.62,5.22,1,1,0.11,0.88,0.0,0.01,1,False
23.07,70.73,1016.28,190.68,59.97,54.81,0.24,3,3,0.0,0.0,0.0,1.0,3,False
26.33,50.92,1012.81,190.26,59.7,56.18,0.06,3,3,0.0,0.01,0.0,0.99,3,False
28.18,54.85,1006.46,1142.98,189.06,66.45,0.29,0,0,0.59,0.41,0.0,0.0,0,True
46.18,43.7,1009.79,948.34,475.06,67.07,0.44,0,0,1.0,0.0,0.0,0.0,0,True
25.24,55.04,1007.09,1924.2,161.13,64.94,0.21,1,0,0.69,0.31,0.0,0.0,0,True
24.88,57.52,1016.19,188.98,97.37,62.15,0.06,3,3,0.04,0.02,0.0,0.94,3,False
21.07,63.89,1012.88,201.14,43.76,107.25,4.4,0,0,0.96,0.04,0.0,0.0,0,True
52.44,37.48,1004.25,299.17,660.58,68.15,0.44,0,0,0.98,0.02,0.0,0.0,0,True
33.4,86.86,1003.58,357.09,210.02,51.05,0.12,2,2,0.0,0.03,0.97,0.0,2,False
27.15,57.7,1001.17,1631.9,80.48,66.51,0.33,0,0,0.53,0.45,0.0,0.02,0,True
25.37,64.97,1012.28,4763.04,103.35,45.4,0.21,0,0,0.91,0.02,0.0,0.07,0,True
26.38,67.72,1008.06,1432.56,135.72,67.85,0.33,0,0,0.62,0.38,0.0,0.0,0,True
28.21,57.54,1007.72,1365.3,187.07,62.73,0.32,0,0,0.73,0.27,0.0,0.0,0,True
27.17,73.79,1016.04,130.23,69.01,80.95,4.21,1,1,0.05,0.91,0.0,0.04,1,False
25.26,55.98,1012.51,216.75,85.15,117.1,4.84,0,0,1.0,0.0,0.0,0.0,0,True
23.72,51.4,1010.99,71.65,35.22,54.76,0.07,3,3,0.01,0.0,0.0,0.99,3,False
29.52,68.04,1008.83,219.78,87.22,85.98,4.32,1,1,0.19,0.8,0.0,0.01,1,False
28.5,72.67,1013.53,287.78,73.9,84.43,3.48,1,1,0.07,0.92,0.0,0.01,1,False
22.2,61.79,1018.35,41.49,98.75,66.21,0.09,3,3,0.07,0.06,0.0,0.87,3,False
21.48,62.55,1013.44,100.28,50.83,71.69,5.59,1,1,0.03,0.92,0.0,0.05,1,False
21.33,70.71,1010.9,157.63,69.54,81.35,5.72,1,1,0.02,0.98,0.0,0.0,1,False
32.33,83.23,1005.16,298.59,526.48,50.55,0.09,1,1,0.0,0.98,0.02,0.0,1,False
21.1,67.85,1011.56,150.3,83.53,57.42,0.14,3,3,0.0,0.0,0.0,1.0,3,False
30.3,92.8,1006.84,424.94,498.93,49.17,0.18,1,1,0.03,0.91,0.06,0.0,1,False
26.88,57.69,1009.68,3506.22,187.24,55.08,0.29,0,0,0.97,0.03,0.0,0.0,0,True
29.31,58.41,994.8,2576.25,117.15,89.08,0.27,0,0,0.81,0.19,0.0,0.0,0,True
26.39,59.48,1012.96,78.64,20.76,48.48,0.1,3,3,0.0,0.0,0.0,1.0,3,False
25.41,55.31,1012.72,99.42,94.91,55.17,0.18,3,3,0.01,0.0,0.0,0.99,3,False
23.64,60.82,1011.78,203.76,61.74,82.26,3.44,1,1,0.18,0.8,0.0,0.02,1,False
28.36,53.22,1005.01,4438.11,130.32,54.25,0.26,0,0,0.99,0.01,0.0,0.0,0,True
25.72,66.56,1011.6,136.53,92.4,79.28,5.18,1,1,0.08,0.92,0.0,0.0,1,False
23.84,75.49,1014.87,215.72,45.26,75.45,6.37,1,1,0.06,0.94,0.0,0.0,1,False
24.89,70.92,1011.06,87.81,58.02,71.3,4.65,1,1,0.16,0.81,0.0,0.03,1,False
32.17,82.14,995.36,289.23,537.59,45.27,0.13,1,1,0.0,0.99,0.01,0.0,1,False
29.19,65.82,1009.65,3571.02,177.4,62.44,0.27,0,0,0.96,0.04,0.0,0.0,0,True
25.67,60.8,1015.99,181.73,92.28,50.14,0.21,3,3,0.0,0.0,0.0,1.0,3,False
25.88,57.12,1010.34,86.05,107.44,77.63,6.34,1,1,0.05,0.94,0.0,0.01,1,False
23.32,63.92,1013.36,147.03,93.07,60.61,0.12,3,3,0.0,0.0,0.0,1.0,3,False
28.24,62.61,1007.48,2398.51,133.15,71.1,0.34,0,1,0.45,0.55,0.0,0.0,0,True
24.98,61.37,1017.62,114.0,89.38,58.18,0.14,3,3,0.0,0.0,0.0,1.0,3,False
29.41,64.17,1012.51,3852.09,187.53,56.26,0.22,0,0,0.95,0.05,0.0,0.0,0,True
26.07,61.12,1017.33,221.51,64.78,77.66,5.8,1,1,0.05,0.95,0.0,0.0,1,False
26.68,59.53,1016.36,78.84,88.22,48.43,0.2,3,3,0.0,0.0,0.0,1.0,3,False
34.12,84.17,1007.75,396.86,296.63,43.98,0.17,2,2,0.0,0.15,0.85,0.0,2,False
27.0,65.62,1013.38,106.02,48.63,49.93,0.12,3,3,0.0,0.0,0.0,1.0,3,False
27.9,50.57,1003.49,2988.56,88.5,75.86,0.29,0,0,0.9,0.1,0.0,0.0,0,True
31.88,92.05,1011.17,419.11,516.59,42.6,0.17,1,1,0.0,0.96,0.04,0.0,1,False
24.25,59.75,1013.2,129.58,57.0,47.68,0.12,3,3,0.0,0.0,0.0,1.0,3,False
25.75,66.18,1004.16,2200.61,179.11,65.16,0.33,0,0,0.59,0.41,0.0,0.0,0,True
24.1,66.95,1014.11,167.2,83.02,90.02,3.69,0,0,0.58,0.42,0.0,0.0,0,True
25.16,57.0,1009.44,103.61,50.28,49.2,0.2,3,3,0.01,0.01,0.0,0.98,3,False
24.03,68.41,1007.53,196.9,65.71,62.19,0.05,3,3,0.01,0.04,0.0,0.95,3,False
22.73,63.24,1013.57,137.55,109.45,117.96,2.99,0,0,0.97,0.03,0.0,0.0,0,True
57.97,31.91,1005.32,1002.76,567.38,80.93,0.33,0,0,1.0,0.0,0.0,0.0,0,True
27.77,58.8,1003.88,1485.4,154.04,58.77,0.23,0,1,0.49,0.51,0.0,0.0,0,True
23.04,63.74,1009.68,178.7,47.43,100.83,2.88,0,0,0.94,0.06,0.0,0.0,0,True
49.27,44.32,1005.32,515.44,325.15,80.8,0.21,0,0,0.94,0.06,0.0,0.0,0,True
24.76,66.04,1009.29,199.06,107.83,113.56,3.33,0,0,0.98,0.02,0.0,0.0,0,True
22.63,57.81,1011.58,169.39,40.07,55.93,0.17,3,3,0.0,0.0,0.0,1.0,3,False
21.15,62.23,1014.88,49.02,66.83,56.95,0.16,3,3,0.0,0.0,0.0,1.0,3,False
24.74,57.73,1010.0,142.94,79.12,60.24,0.1,3,3,0.0,0.0,0.0,1.0,3,False
24.99,64.09,1016.77,67.65,43.93,51.71,0.1,3,3,0.0,0.0,0.0,1.0,3,False
32.56,89.49,1008.55,200.36,213.29,39.03,0.07,2,2,0.0,0.09,0.91,0.0,2,False
24.16,64.15,1011.93,123.46,83.96,53.61,0.2,3,3,0.0,0.0,0.0,1.0,3,False
45.35,46.16,1005.2,315.43,540.23,68.22,0.26,0,0,0.99,0.01,0.0,0.0,0,True
24.92,60.76,1016.8,124.72,53.71,56.86,0.22,3,3,0.0,0.0,0.0,1.0,3,False
25.39,63.74,1015.86,217.73,66.97,60.62,0.25,3,3,0.0,0.01,0.0,0.99,3,False
25.26,66.75,1003.24,3667.17,93.91,75.14,0.32,0,0,0.84,0.14,0.0,0.02,0,True
23.56,64.47,1017.09,43.24,73.03,54.09,0.17,3,3,0.0,0.0,0.0,1.0,3,False
24.04,58.33,1011.19,175.8,30.46,53.41,0.2,3,3,0.0,0.0,0.0,1.0,3,False
47.51,31.68,1010.46,874.76,263.54,55.32,0.24,0,0,0.91,0.09,0.0,0.0,0,True
24.14,67.77,1013.78,197.7,42.65,55.02,0.16,3,3,0.0,0.0,0.0,1.0,3,False
24.08,62.55,1015.05,150.54,43.59,53.34,0.11,3,3,0.0,0.0,0.0,1.0,3,False
24.71,63.22,1009.47,116.11,72.17,63.25,0.19,3,3,0.0,0.01,0.0,0.99,3,False
24.67,57.96,1013.03,154.96,26.7,59.74,0.13,3,3,0.0,0.0,0.0,1.0,3,False
25.02,63.05,1011.51,128.2,66.01,79.43,4.5,1,1,0.08,0.89,0.0,0.03,1,False
38.51,31.02,1014.08,441.52,335.44,69.4,0.31,1,1,0.17,0.83,0.0,0.0,1,False
28.61,94.97,996.5,338.87,439.1,40.95,0.16,1,1,0.0,1.0,0.0,0.0,1,False
22.27,74.68,1014.68,154.44,109.65,94.36,4.09,1,1,0.28,0.72,0.0,0.0,1,False
25.9,61.5,1011.39,185.59,47.97,54.34,0.12,3,3,0.0,0.0,0.0,1.0,3,False
40.48,43.26,1005.15,455.17,545.21,69.69,0.45,0,0,0.94,0.06,0.0,0.0,0,True
25.45,64.64,1011.29,140.24,89.58,54.73,0.22,3,3,0.0,0.0,0.0,1.0,3,False
24.39,61.63,1013.42,55.52,68.7,50.84,0.15,3,3,0.0,0.0,0.0,1.0,3,False
26.21,60.21,1015.46,79.48,115.93,77.33,5.36,1,1,0.03,0.97,0.0,0.0,1,False
25.0,62.58,1013.03,189.38,37.91,47.53,0.25,3,3,0.02,0.0,0.0,0.98,3,False
27.54,62.28,1010.92,245.38,48.85,117.47,3.65,0,0,0.96,0.04,0.0,0.0,0,True
25.82,59.55,999.92,2720.07,143.58,66.39,0.32,0,0,0.92,0.07,0.0,0.01,0,True
29.68,67.06,1004.91,3412.35,146.49,59.92,0.27,0,0,0.96,0.04,0.0,0.0,0,True
40.76,33.27,1011.92,427.25,571.93,68.42,0.41,0,0,0.98,0.02,0.0,0.0,0,True
23.42,62.7,1004.28,1879.47,75.8,60.89,0.24,1,1,0.31,0.53,0.0,0.16,1,False
43.71,35.45,1007.59,308.41,390.0,80.33,0.35,1,1,0.45,0.55,0.0,0.0,0,True
24.93,64.5,1014.62,194.56,71.12,60.21,0.15,3,3,0.0,0.0,0.0,1.0,3,False
27.01,58.66,1012.33,57.13,46.23,64.47,0.09,3,3,0.01,0.0,0.0,0.99,3,False
33.06,84.86,1007.96,251.39,369.75,42.63,0.15,1,1,0.0,0.94,0.06,0.0,1,False
44.12,37.98,1013.25,429.74,299.64,86.47,0.22,1,1,0.34,0.65,0.0,0.01,1,False
32.95,84.48,1008.0,434.15,256.22,44.97,0.07,2,2,0.02,0.17,0.81,0.0,2,False
26.72,67.03,1007.63,3399.6,75.37,59.18,0.29,0,0,0.94,0.04,0.0,0.02,0,True
26.59,59.72,1009.13,162.66,46.48,69.91,0.05,3,3,0.03,0.06,0.0,0.91,3,False
24.18,65.36,1015.68,200.75,34.18,57.37,0.06,3,3,0.0,0.0,0.0,1.0,3,False
29.39,60.7,1004.62,4188.23,165.51,66.16,0.16,0,0,0.99,0.01,0.0,0.0,0,True
27.37,53.25,1000.99,4382.2,78.42,71.03,0.35,0,0,0.87,0.13,0.0,0.0,0,True
23.76,63.75,1009.51,67.51,68.0,52.88,0.1,3,3,0.0,0.0,0.0,1.0,3,False
27.29,61.11,1013.74,46.38,38.97,49.81,0.18,3,3,0.0,0.0,0.0,1.0,3,False
20.14,63.71,1016.45,162.08,38.2,49.49,0.18,3,3,0.0,0.0,0.0,1.0,3,False
21.87,76.69,1011.2,160.81,31.27,48.48,0.1,3,3,0.0,0.01,0.04,0.95,3,False
23.82,51.92,1014.98,192.94,52.37,51.42,0.12,3,3,0.0,0.0,0.0,1.0,3,False
52.25,29.28,1004.75,508.82,672.16,62.55,0.34,0,0,1.0,0.0,0.0,0.0,0,True
22.77,67.62,1010.92,232.67,125.73,76.6,3.49,1,1,0.21,0.77,0.0,0.02,1,False
27.05,66.25,1014.81,149.28,70.53,53.38,0.15,3,3,0.0,0.0,0.0,1.0,3,False
43.21,42.04,1009.57,541.75,595.67,64.57,0.44,0,0,0.96,0.04,0.0,0.0,0,True
27.76,63.46,1011.29,269.94,51.6,88.0,3.53,1,1,0.2,0.8,0.0,0.0,1,False
26.3,59.09,1009.37,141.94,119.24,100.72,4.39,0,0,0.83,0.17,0.0,0.0,0,True
23.36,56.77,1015.25,207.86,38.55,52.62,0.15,3,3,0.01,0.0,0.0,0.99,3,False
26.37,70.61,1017.47,169.43,78.08,53.73,0.06,3,3,0.0,0.0,0.0,1.0,3,False
44.53,31.2,1008.54,588.43,486.79,53.52,0.3,0,0,0.97,0.03,0.0,0.0,0,True
22.51,64.4,1013.64,232.74,77.28,57.12,0.13,3,3,0.06,0.12,0.0,0.82,3,False
24.35,61.32,1009.88,237.97,74.88,97.31,3.8,0,0,0.99,0.01,0.0,0.0,0,True
24.14,67.14,1010.67,4064.63,129.22,67.3,0.27,0,0,0.95,0.05,0.0,0.0,0,True
21.37,65.56,1008.01,138.8,59.43,108.7,4.86,0,0,0.93,0.06,0.0,0.01,0,True
30.26,67.53,1012.41,250.69,43.6,78.31,4.75,1,1,0.08,0.9,0.0,0.02,1,False
33.55,84.62,1002.77,170.0,549.51,38.35,0.16,1,1,0.0,0.97,0.03,0.0,1,False
26.59,70.45,1009.52,249.29,47.45,98.41,3.38,0,0,0.96,0.04,0.0,0.0,0,True
29.46,62.79,1011.91,265.68,89.15,80.29,3.56,1,1,0.12,0.87,0.0,0.01,1,False
19.07,69.89,1015.58,179.53,74.23,63.09,0.15,3,3,0.02,0.0,0.0,0.98,3,False
24.77,61.75,1018.78,196.04,112.56,107.26,4.52,0,0,0.88,0.12,0.0,0.0,0,True
