Sensor 1,Threshold 1,Sensor 2,Threshold 2,Critical Caught,Critical Recall %,False Triggers,False Trigger %,Precision %
temperature_c,26.25,humidity_pct,61.78,80,12.86,282,28.83,22.1
temperature_c,26.25,humidity_pct,63.772,60,9.65,264,26.99,18.52
temperature_c,26.25,humidity_pct,65.963,37,5.95,235,24.03,13.6
temperature_c,26.25,humidity_pct,66.98,28,4.5,225,23.01,11.07
temperature_c,26.25,humidity_pct,68.622,11,1.77,212,21.68,4.93
temperature_c,26.25,humidity_pct,71.241,3,0.48,202,20.65,1.46
temperature_c,26.25,humidity_pct,84.093,0,0.0,160,16.36,0.0
temperature_c,26.25,humidity_pct,89.922,0,0.0,80,8.18,0.0
temperature_c,27.352,humidity_pct,61.78,45,7.23,229,23.42,16.42
temperature_c,27.352,humidity_pct,63.772,33,5.31,222,22.7,12.94
temperature_c,27.352,humidity_pct,65.963,18,2.89,209,21.37,7.93
temperature_c,27.352,humidity_pct,66.98,15,2.41,206,21.06,6.79
temperature_c,27.352,humidity_pct,68.622,5,0.8,199,20.35,2.45
temperature_c,27.352,humidity_pct,71.241,3,0.48,193,19.73,1.53
temperature_c,27.352,humidity_pct,84.093,0,0.0,160,16.36,0.0
temperature_c,27.352,humidity_pct,89.922,0,0.0,80,8.18,0.0
temperature_c,28.939,humidity_pct,61.78,13,2.09,174,17.79,6.95
temperature_c,28.939,humidity_pct,63.772,9,1.45,173,17.69,4.95
temperature_c,28.939,humidity_pct,65.963,4,0.64,169,17.28,2.31
temperature_c,28.939,humidity_pct,66.98,2,0.32,169,17.28,1.17
temperature_c,28.939,humidity_pct,68.622,0,0.0,166,16.97,0.0
temperature_c,28.939,humidity_pct,71.241,0,0.0,165,16.87,0.0
temperature_c,28.939,humidity_pct,84.093,0,0.0,139,14.21,0.0
temperature_c,28.939,humidity_pct,89.922,0,0.0,68,6.95,0.0
temperature_c,30.24,humidity_pct,61.78,3,0.48,131,13.39,2.24
temperature_c,30.24,humidity_pct,63.772,2,0.32,131,13.39,1.5
temperature_c,30.24,humidity_pct,65.963,1,0.16,130,13.29,0.76
temperature_c,30.24,humidity_pct,66.98,0,0.0,130,13.29,0.0
temperature_c,30.24,humidity_pct,68.622,0,0.0,130,13.29,0.0
temperature_c,30.24,humidity_pct,71.241,0,0.0,130,13.29,0.0
temperature_c,30.24,humidity_pct,84.093,0,0.0,108,11.04,0.0
temperature_c,30.24,humidity_pct,89.922,0,0.0,58,5.93,0.0
temperature_c,32.65,humidity_pct,61.78,2,0.32,63,6.44,3.08
temperature_c,32.65,humidity_pct,63.772,1,0.16,63,6.44,1.56
temperature_c,32.65,humidity_pct,65.963,0,0.0,63,6.44,0.0
temperature_c,32.65,humidity_pct,66.98,0,0.0,63,6.44,0.0
temperature_c,32.65,humidity_pct,68.622,0,0.0,63,6.44,0.0
temperature_c,32.65,humidity_pct,71.241,0,0.0,63,6.44,0.0
temperature_c,32.65,humidity_pct,84.093,0,0.0,53,5.42,0.0
temperature_c,32.65,humidity_pct,89.922,0,0.0,25,2.56,0.0
temperature_c,37.132,humidity_pct,61.78,0,0.0,0,0.0,0.0
temperature_c,37.132,humidity_pct,63.772,0,0.0,0,0.0,0.0
temperature_c,37.132,humidity_pct,65.963,0,0.0,0,0.0,0.0
temperature_c,37.132,humidity_pct,66.98,0,0.0,0,0.0,0.0
temperature_c,37.132,humidity_pct,68.622,0,0.0,0,0.0,0.0
temperature_c,37.132,humidity_pct,71.241,0,0.0,0,0.0,0.0
temperature_c,37.132,humidity_pct,84.093,0,0.0,0,0.0,0.0
temperature_c,37.132,humidity_pct,89.922,0,0.0,0,0.0,0.0
temperature_c,44.65,humidity_pct,61.78,0,0.0,0,0.0,0.0
temperature_c,44.65,humidity_pct,63.772,0,0.0,0,0.0,0.0
temperature_c,44.65,humidity_pct,65.963,0,0.0,0,0.0,0.0
temperature_c,44.65,humidity_pct,66.98,0,0.0,0,0.0,0.0
temperature_c,44.65,humidity_pct,68.622,0,0.0,0,0.0,0.0
temperature_c,44.65,humidity_pct,71.241,0,0.0,0,0.0,0.0
temperature_c,44.65,humidity_pct,84.093,0,0.0,0,0.0,0.0
temperature_c,44.65,humidity_pct,89.922,0,0.0,0,0.0,0.0
temperature_c,51.721,humidity_pct,61.78,0,0.0,0,0.0,0.0
temperature_c,51.721,humidity_pct,63.772,0,0.0,0,0.0,0.0
temperature_c,51.721,humidity_pct,65.963,0,0.0,0,0.0,0.0
temperature_c,51.721,humidity_pct,66.98,0,0.0,0,0.0,0.0
temperature_c,51.721,humidity_pct,68.622,0,0.0,0,0.0,0.0
temperature_c,51.721,humidity_pct,71.241,0,0.0,0,0.0,0.0
temperature_c,51.721,humidity_pct,84.093,0,0.0,0,0.0,0.0
temperature_c,51.721,humidity_pct,89.922,0,0.0,0,0.0,0.0
temperature_c,26.25,pressure_hpa,1010.995,144,23.15,131,13.39,52.36
temperature_c,26.25,pressure_hpa,1011.99,110,17.68,99,10.12,52.63
temperature_c,26.25,pressure_hpa,1012.93,83,13.34,67,6.85,55.33
temperature_c,26.25,pressure_hpa,1013.412,65,10.45,57,5.83,53.28
temperature_c,26.25,pressure_hpa,1014.08,46,7.4,49,5.01,48.42
temperature_c,26.25,pressure_hpa,1014.852,30,4.82,35,3.58,46.15
temperature_c,26.25,pressure_hpa,1015.813,18,2.89,22,2.25,45.0
temperature_c,26.25,pressure_hpa,1016.93,10,1.61,11,1.12,47.62
temperature_c,27.352,pressure_hpa,1010.995,116,18.65,75,7.67,60.73
temperature_c,27.352,pressure_hpa,1011.99,84,13.5,55,5.62,60.43
temperature_c,27.352,pressure_hpa,1012.93,62,9.97,37,3.78,62.63
temperature_c,27.352,pressure_hpa,1013.412,47,7.56,29,2.97,61.84
temperature_c,27.352,pressure_hpa,1014.08,32,5.14,26,2.66,55.17
temperature_c,27.352,pressure_hpa,1014.852,18,2.89,17,1.74,51.43
temperature_c,27.352,pressure_hpa,1015.813,9,1.45,8,0.82,52.94
temperature_c,27.352,pressure_hpa,1016.93,7,1.13,3,0.31,70.0
temperature_c,28.939,pressure_hpa,1010.995,97,15.59,33,3.37,74.62
temperature_c,28.939,pressure_hpa,1011.99,70,11.25,23,2.35,75.27
temperature_c,28.939,pressure_hpa,1012.93,53,8.52,12,1.23,81.54
temperature_c,28.939,pressure_hpa,1013.412,40,6.43,11,1.12,78.43
temperature_c,28.939,pressure_hpa,1014.08,28,4.5,11,1.12,71.79
temperature_c,28.939,pressure_hpa,1014.852,17,2.73,7,0.72,70.83
temperature_c,28.939,pressure_hpa,1015.813,8,1.29,4,0.41,66.67
temperature_c,28.939,pressure_hpa,1016.93,6,0.96,2,0.2,75.0
temperature_c,30.24,pressure_hpa,1010.995,88,14.15,23,2.35,79.28
temperature_c,30.24,pressure_hpa,1011.99,66,10.61,17,1.74,79.52
temperature_c,30.24,pressure_hpa,1012.93,49,7.88,8,0.82,85.96
temperature_c,30.24,pressure_hpa,1013.412,37,5.95,7,0.72,84.09
temperature_c,30.24,pressure_hpa,1014.08,25,4.02,7,0.72,78.12
temperature_c,30.24,pressure_hpa,1014.852,14,2.25,4,0.41,77.78
temperature_c,30.24,pressure_hpa,1015.813,8,1.29,1,0.1,88.89
temperature_c,30.24,pressure_hpa,1016.93,6,0.96,0,0.0,100.0
temperature_c,32.65,pressure_hpa,1010.995,86,13.83,21,2.15,80.37
temperature_c,32.65,pressure_hpa,1011.99,65,10.45,16,1.64,80.25
temperature_c,32.65,pressure_hpa,1012.93,49,7.88,8,0.82,85.96
temperature_c,32.65,pressure_hpa,1013.412,37,5.95,7,0.72,84.09
temperature_c,32.65,pressure_hpa,1014.08,25,4.02,7,0.72,78.12
temperature_c,32.65,pressure_hpa,1014.852,14,2.25,4,0.41,77.78
temperature_c,32.65,pressure_hpa,1015.813,8,1.29,1,0.1,88.89
temperature_c,32.65,pressure_hpa,1016.93,6,0.96,0,0.0,100.0
temperature_c,37.132,pressure_hpa,1010.995,80,12.86,16,1.64,83.33
temperature_c,37.132,pressure_hpa,1011.99,61,9.81,13,1.33,82.43
temperature_c,37.132,pressure_hpa,1012.93,47,7.56,7,0.72,87.04
temperature_c,37.132,pressure_hpa,1013.412,35,5.63,6,0.61,85.37
temperature_c,37.132,pressure_hpa,1014.08,24,3.86,6,0.61,80.0
temperature_c,37.132,pressure_hpa,1014.852,14,2.25,4,0.41,77.78
temperature_c,37.132,pressure_hpa,1015.813,8,1.29,1,0.1,88.89
temperature_c,37.132,pressure_hpa,1016.93,6,0.96,0,0.0,100.0
temperature_c,44.65,pressure_hpa,1010.995,60,9.65,1,0.1,98.36
temperature_c,44.65,pressure_hpa,1011.99,44,7.07,1,0.1,97.78
temperature_c,44.65,pressure_hpa,1012.93,34,5.47,0,0.0,100.0
temperature_c,44.65,pressure_hpa,1013.412,26,4.18,0,0.0,100.0
temperature_c,44.65,pressure_hpa,1014.08,19,3.05,0,0.0,100.0
temperature_c,44.65,pressure_hpa,1014.852,10,1.61,0,0.0,100.0
temperature_c,44.65,pressure_hpa,1015.813,6,0.96,0,0.0,100.0
temperature_c,44.65,pressure_hpa,1016.93,5,0.8,0,0.0,100.0
temperature_c,51.721,pressure_hpa,1010.995,34,5.47,0,0.0,100.0
temperature_c,51.721,pressure_hpa,1011.99,23,3.7,0,0.0,100.0
temperature_c,51.721,pressure_hpa,1012.93,20,3.22,0,0.0,100.0
temperature_c,51.721,pressure_hpa,1013.412,16,2.57,0,0.0,100.0
temperature_c,51.721,pressure_hpa,1014.08,12,1.93,0,0.0,100.0
temperature_c,51.721,pressure_hpa,1014.852,6,0.96,0,0.0,100.0
temperature_c,51.721,pressure_hpa,1015.813,4,0.64,0,0.0,100.0
temperature_c,51.721,pressure_hpa,1016.93,4,0.64,0,0.0,100.0
temperature_c,26.25,mq4_ch4_ppm,215.08,369,59.32,246,25.15,60.0
temperature_c,26.25,mq4_ch4_ppm,278.816,351,56.43,185,18.92,65.49
temperature_c,26.25,mq4_ch4_ppm,435.128,317,50.96,67,6.85,82.55
temperature_c,26.25,mq4_ch4_ppm,656.57,250,40.19,54,5.52,82.24
temperature_c,26.25,mq4_ch4_ppm,900.84,182,29.26,43,4.4,80.89
temperature_c,26.25,mq4_ch4_ppm,1190.033,130,20.9,24,2.45,84.42
temperature_c,26.25,mq4_ch4_ppm,2403.872,102,16.4,4,0.41,96.23
temperature_c,26.25,mq4_ch4_ppm,3497.03,52,8.36,0,0.0,100.0
temperature_c,27.352,mq4_ch4_ppm,215.08,324,52.09,227,23.21,58.8
temperature_c,27.352,mq4_ch4_ppm,278.816,310,49.84,172,17.59,64.32
temperature_c,27.352,mq4_ch4_ppm,435.128,276,44.37,55,5.62,83.38
temperature_c,27.352,mq4_ch4_ppm,656.57,209,33.6,42,4.29,83.27
temperature_c,27.352,mq4_ch4_ppm,900.84,141,22.67,32,3.27,81.5
temperature_c,27.352,mq4_ch4_ppm,1190.033,90,14.47,18,1.84,83.33
temperature_c,27.352,mq4_ch4_ppm,2403.872,68,10.93,3,0.31,95.77
temperature_c,27.352,mq4_ch4_ppm,3497.03,30,4.82,0,0.0,100.0
temperature_c,28.939,mq4_ch4_ppm,215.08,256,41.16,185,18.92,58.05
temperature_c,28.939,mq4_ch4_ppm,278.816,249,40.03,140,14.31,64.01
temperature_c,28.939,mq4_ch4_ppm,435.128,215,34.57,39,3.99,84.65
temperature_c,28.939,mq4_ch4_ppm,656.57,148,23.79,27,2.76,84.57
temperature_c,28.939,mq4_ch4_ppm,900.84,80,12.86,18,1.84,81.63
temperature_c,28.939,mq4_ch4_ppm,1190.033,32,5.14,7,0.72,82.05
temperature_c,28.939,mq4_ch4_ppm,2403.872,25,4.02,1,0.1,96.15
temperature_c,28.939,mq4_ch4_ppm,3497.03,9,1.45,0,0.0,100.0
temperature_c,30.24,mq4_ch4_ppm,215.08,232,37.3,142,14.52,62.03
temperature_c,30.24,mq4_ch4_ppm,278.816,226,36.33,110,11.25,67.26
temperature_c,30.24,mq4_ch4_ppm,435.128,192,30.87,28,2.86,87.27
temperature_c,30.24,mq4_ch4_ppm,656.57,125,20.1,19,1.94,86.81
temperature_c,30.24,mq4_ch4_ppm,900.84,57,9.16,10,1.02,85.07
temperature_c,30.24,mq4_ch4_ppm,1190.033,10,1.61,2,0.2,83.33
temperature_c,30.24,mq4_ch4_ppm,2403.872,7,1.13,0,0.0,100.0
temperature_c,30.24,mq4_ch4_ppm,3497.03,2,0.32,0,0.0,100.0
temperature_c,32.65,mq4_ch4_ppm,215.08,223,35.85,82,8.38,73.11
temperature_c,32.65,mq4_ch4_ppm,278.816,217,34.89,71,7.26,75.35
temperature_c,32.65,mq4_ch4_ppm,435.128,183,29.42,25,2.56,87.98
temperature_c,32.65,mq4_ch4_ppm,656.57,116,18.65,16,1.64,87.88
temperature_c,32.65,mq4_ch4_ppm,900.84,48,7.72,7,0.72,87.27
temperature_c,32.65,mq4_ch4_ppm,1190.033,2,0.32,0,0.0,100.0
temperature_c,32.65,mq4_ch4_ppm,2403.872,2,0.32,0,0.0,100.0
temperature_c,32.65,mq4_ch4_ppm,3497.03,0,0.0,0,0.0,0.0
temperature_c,37.132,mq4_ch4_ppm,215.08,209,33.6,31,3.17,87.08
temperature_c,37.132,mq4_ch4_ppm,278.816,203,32.64,31,3.17,86.75
temperature_c,37.132,mq4_ch4_ppm,435.128,172,27.65,22,2.25,88.66
temperature_c,37.132,mq4_ch4_ppm,656.57,107,17.2,15,1.53,87.7
temperature_c,37.132,mq4_ch4_ppm,900.84,45,7.23,7,0.72,86.54
temperature_c,37.132,mq4_ch4_ppm,1190.033,0,0.0,0,0.0,0.0
temperature_c,37.132,mq4_ch4_ppm,2403.872,0,0.0,0,0.0,0.0
temperature_c,37.132,mq4_ch4_ppm,3497.03,0,0.0,0,0.0,0.0
temperature_c,44.65,mq4_ch4_ppm,215.08,158,25.4,2,0.2,98.75
temperature_c,44.65,mq4_ch4_ppm,278.816,156,25.08,2,0.2,98.73
temperature_c,44.65,mq4_ch4_ppm,435.128,132,21.22,2,0.2,98.51
temperature_c,44.65,mq4_ch4_ppm,656.57,83,13.34,1,0.1,98.81
temperature_c,44.65,mq4_ch4_ppm,900.84,36,5.79,0,0.0,100.0
temperature_c,44.65,mq4_ch4_ppm,1190.033,0,0.0,0,0.0,0.0
temperature_c,44.65,mq4_ch4_ppm,2403.872,0,0.0,0,0.0,0.0
temperature_c,44.65,mq4_ch4_ppm,3497.03,0,0.0,0,0.0,0.0
temperature_c,51.721,mq4_ch4_ppm,215.08,80,12.86,0,0.0,100.0
temperature_c,51.721,mq4_ch4_ppm,278.816,79,12.7,0,0.0,100.0
temperature_c,51.721,mq4_ch4_ppm,435.128,71,11.41,0,0.0,100.0
temperature_c,51.721,mq4_ch4_ppm,656.57,47,7.56,0,0.0,100.0
temperature_c,51.721,mq4_ch4_ppm,900.84,21,3.38,0,0.0,100.0
temperature_c,51.721,mq4_ch4_ppm,1190.033,0,0.0,0,0.0,0.0
temperature_c,51.721,mq4_ch4_ppm,2403.872,0,0.0,0,0.0,0.0
temperature_c,51.721,mq4_ch4_ppm,3497.03,0,0.0,0,0.0,0.0
temperature_c,26.25,mq135_gas_ppm,93.995,336,54.02,285,29.14,54.11
temperature_c,26.25,mq135_gas_ppm,117.218,301,48.39,259,26.48,53.75
temperature_c,26.25,mq135_gas_ppm,173.78,239,38.42,231,23.62,50.85
temperature_c,26.25,mq135_gas_ppm,254.158,208,33.44,192,19.63,52.0
temperature_c,26.25,mq135_gas_ppm,328.848,180,28.94,140,14.31,56.25
temperature_c,26.25,mq135_gas_ppm,403.737,153,24.6,87,8.9,63.75
temperature_c,26.25,mq135_gas_ppm,470.341,109,17.52,51,5.21,68.12
temperature_c,26.25,mq135_gas_ppm,532.443,70,11.25,10,1.02,87.5
temperature_c,27.352,mq135_gas_ppm,93.995,299,48.07,259,26.48,53.58
temperature_c,27.352,mq135_gas_ppm,117.218,275,44.21,249,25.46,52.48
temperature_c,27.352,mq135_gas_ppm,173.78,231,37.14,230,23.52,50.11
temperature_c,27.352,mq135_gas_ppm,254.158,208,33.44,192,19.63,52.0
temperature_c,27.352,mq135_gas_ppm,328.848,180,28.94,140,14.31,56.25
temperature_c,27.352,mq135_gas_ppm,403.737,153,24.6,87,8.9,63.75
temperature_c,27.352,mq135_gas_ppm,470.341,109,17.52,51,5.21,68.12
temperature_c,27.352,mq135_gas_ppm,532.443,70,11.25,10,1.02,87.5
temperature_c,28.939,mq135_gas_ppm,93.995,248,39.87,210,21.47,54.15
temperature_c,28.939,mq135_gas_ppm,117.218,239,38.42,209,21.37,53.35
temperature_c,28.939,mq135_gas_ppm,173.78,224,36.01,203,20.76,52.46
temperature_c,28.939,mq135_gas_ppm,254.158,208,33.44,172,17.59,54.74
temperature_c,28.939,mq135_gas_ppm,328.848,180,28.94,125,12.78,59.02
temperature_c,28.939,mq135_gas_ppm,403.737,153,24.6,78,7.98,66.23
temperature_c,28.939,mq135_gas_ppm,470.341,109,17.52,46,4.7,70.32
temperature_c,28.939,mq135_gas_ppm,532.443,70,11.25,9,0.92,88.61
temperature_c,30.24,mq135_gas_ppm,93.995,231,37.14,168,17.18,57.89
temperature_c,30.24,mq135_gas_ppm,117.218,230,36.98,168,17.18,57.79
temperature_c,30.24,mq135_gas_ppm,173.78,222,35.69,167,17.08,57.07
temperature_c,30.24,mq135_gas_ppm,254.158,208,33.44,146,14.93,58.76
temperature_c,30.24,mq135_gas_ppm,328.848,180,28.94,109,11.15,62.28
temperature_c,30.24,mq135_gas_ppm,403.737,153,24.6,65,6.65,70.18
temperature_c,30.24,mq135_gas_ppm,470.341,109,17.52,38,3.89,74.15
temperature_c,30.24,mq135_gas_ppm,532.443,70,11.25,6,0.61,92.11
temperature_c,32.65,mq135_gas_ppm,93.995,222,35.69,98,10.02,69.38
temperature_c,32.65,mq135_gas_ppm,117.218,222,35.69,98,10.02,69.38
temperature_c,32.65,mq135_gas_ppm,173.78,221,35.53,98,10.02,69.28
temperature_c,32.65,mq135_gas_ppm,254.158,208,33.44,88,9.0,70.27
temperature_c,32.65,mq135_gas_ppm,328.848,180,28.94,57,5.83,75.95
temperature_c,32.65,mq135_gas_ppm,403.737,153,24.6,33,3.37,82.26
temperature_c,32.65,mq135_gas_ppm,470.341,109,17.52,20,2.04,84.5
temperature_c,32.65,mq135_gas_ppm,532.443,70,11.25,5,0.51,93.33
temperature_c,37.132,mq135_gas_ppm,93.995,209,33.6,31,3.17,87.08
temperature_c,37.132,mq135_gas_ppm,117.218,209,33.6,31,3.17,87.08
temperature_c,37.132,mq135_gas_ppm,173.78,209,33.6,31,3.17,87.08
temperature_c,37.132,mq135_gas_ppm,254.158,196,31.51,25,2.56,88.69
temperature_c,37.132,mq135_gas_ppm,328.848,168,27.01,11,1.12,93.85
temperature_c,37.132,mq135_gas_ppm,403.737,141,22.67,0,0.0,100.0
temperature_c,37.132,mq135_gas_ppm,470.341,99,15.92,0,0.0,100.0
temperature_c,37.132,mq135_gas_ppm,532.443,65,10.45,0,0.0,100.0
temperature_c,44.65,mq135_gas_ppm,93.995,158,25.4,2,0.2,98.75
temperature_c,44.65,mq135_gas_ppm,117.218,158,25.4,2,0.2,98.75
temperature_c,44.65,mq135_gas_ppm,173.78,158,25.4,2,0.2,98.75
temperature_c,44.65,mq135_gas_ppm,254.158,145,23.31,1,0.1,99.32
temperature_c,44.65,mq135_gas_ppm,328.848,117,18.81,0,0.0,100.0
temperature_c,44.65,mq135_gas_ppm,403.737,93,14.95,0,0.0,100.0
temperature_c,44.65,mq135_gas_ppm,470.341,65,10.45,0,0.0,100.0
temperature_c,44.65,mq135_gas_ppm,532.443,43,6.91,0,0.0,100.0
temperature_c,51.721,mq135_gas_ppm,93.995,80,12.86,0,0.0,100.0
temperature_c,51.721,mq135_gas_ppm,117.218,80,12.86,0,0.0,100.0
temperature_c,51.721,mq135_gas_ppm,173.78,80,12.86,0,0.0,100.0
temperature_c,51.721,mq135_gas_ppm,254.158,73,11.74,0,0.0,100.0
temperature_c,51.721,mq135_gas_ppm,328.848,61,9.81,0,0.0,100.0
temperature_c,51.721,mq135_gas_ppm,403.737,48,7.72,0,0.0,100.0
temperature_c,51.721,mq135_gas_ppm,470.341,34,5.47,0,0.0,100.0
temperature_c,51.721,mq135_gas_ppm,532.443,23,3.7,0,0.0,100.0
temperature_c,26.25,sound_db,60.645,313,50.32,110,11.25,74.0
temperature_c,26.25,sound_db,64.358,250,40.19,90,9.2,73.53
temperature_c,26.25,sound_db,69.512,158,25.4,70,7.16,69.3
temperature_c,26.25,sound_db,72.675,112,18.01,58,5.93,65.88
temperature_c,26.25,sound_db,76.926,71,11.41,40,4.09,63.96
temperature_c,26.25,sound_db,85.569,48,7.72,16,1.64,75.0
temperature_c,26.25,sound_db,93.843,39,6.27,4,0.41,90.7
temperature_c,26.25,sound_db,106.99,19,3.05,0,0.0,100.0
temperature_c,27.352,sound_db,60.645,264,42.44,74,7.57,78.11
temperature_c,27.352,sound_db,64.358,211,33.92,64,6.54,76.73
temperature_c,27.352,sound_db,69.512,125,20.1,48,4.91,72.25
temperature_c,27.352,sound_db,72.675,81,13.02,39,3.99,67.5
temperature_c,27.352,sound_db,76.926,41,6.59,26,2.66,61.19
temperature_c,27.352,sound_db,85.569,20,3.22,10,1.02,66.67
temperature_c,27.352,sound_db,93.843,17,2.73,3,0.31,85.0
temperature_c,27.352,sound_db,106.99,7,1.13,0,0.0,100.0
temperature_c,28.939,sound_db,60.645,214,34.41,44,4.5,82.95
temperature_c,28.939,sound_db,64.358,171,27.49,40,4.09,81.04
temperature_c,28.939,sound_db,69.512,98,15.76,27,2.76,78.4
temperature_c,28.939,sound_db,72.675,61,9.81,23,2.35,72.62
temperature_c,28.939,sound_db,76.926,25,4.02,14,1.43,64.1
temperature_c,28.939,sound_db,85.569,6,0.96,4,0.41,60.0
temperature_c,28.939,sound_db,93.843,5,0.8,2,0.2,71.43
temperature_c,28.939,sound_db,106.99,3,0.48,0,0.0,100.0
temperature_c,30.24,sound_db,60.645,197,31.67,32,3.27,86.03
temperature_c,30.24,sound_db,64.358,160,25.72,31,3.17,83.77
temperature_c,30.24,sound_db,69.512,90,14.47,18,1.84,83.33
temperature_c,30.24,sound_db,72.675,53,8.52,16,1.64,76.81
temperature_c,30.24,sound_db,76.926,20,3.22,9,0.92,68.97
temperature_c,30.24,sound_db,85.569,1,0.16,1,0.1,50.0
temperature_c,30.24,sound_db,93.843,0,0.0,1,0.1,0.0
temperature_c,30.24,sound_db,106.99,0,0.0,0,0.0,0.0
temperature_c,32.65,sound_db,60.645,194,31.19,28,2.86,87.39
temperature_c,32.65,sound_db,64.358,158,25.4,28,2.86,84.95
temperature_c,32.65,sound_db,69.512,90,14.47,15,1.53,85.71
temperature_c,32.65,sound_db,72.675,53,8.52,13,1.33,80.3
temperature_c,32.65,sound_db,76.926,20,3.22,7,0.72,74.07
temperature_c,32.65,sound_db,85.569,1,0.16,0,0.0,100.0
temperature_c,32.65,sound_db,93.843,0,0.0,0,0.0,0.0
temperature_c,32.65,sound_db,106.99,0,0.0,0,0.0,0.0
temperature_c,37.132,sound_db,60.645,183,29.42,25,2.56,87.98
temperature_c,37.132,sound_db,64.358,149,23.95,25,2.56,85.63
temperature_c,37.132,sound_db,69.512,86,13.83,12,1.23,87.76
temperature_c,37.132,sound_db,72.675,51,8.2,10,1.02,83.61
temperature_c,37.132,sound_db,76.926,19,3.05,5,0.51,79.17
temperature_c,37.132,sound_db,85.569,1,0.16,0,0.0,100.0
temperature_c,37.132,sound_db,93.843,0,0.0,0,0.0,0.0
temperature_c,37.132,sound_db,106.99,0,0.0,0,0.0,0.0
temperature_c,44.65,sound_db,60.645,140,22.51,2,0.2,98.59
temperature_c,44.65,sound_db,64.358,115,18.49,2,0.2,98.29
temperature_c,44.65,sound_db,69.512,62,9.97,0,0.0,100.0
temperature_c,44.65,sound_db,72.675,34,5.47,0,0.0,100.0
temperature_c,44.65,sound_db,76.926,13,2.09,0,0.0,100.0
temperature_c,44.65,sound_db,85.569,1,0.16,0,0.0,100.0
temperature_c,44.65,sound_db,93.843,0,0.0,0,0.0,0.0
temperature_c,44.65,sound_db,106.99,0,0.0,0,0.0,0.0
temperature_c,51.721,sound_db,60.645,71,11.41,0,0.0,100.0
temperature_c,51.721,sound_db,64.358,60,9.65,0,0.0,100.0
temperature_c,51.721,sound_db,69.512,32,5.14,0,0.0,100.0
temperature_c,51.721,sound_db,72.675,19,3.05,0,0.0,100.0
temperature_c,51.721,sound_db,76.926,4,0.64,0,0.0,100.0
temperature_c,51.721,sound_db,85.569,0,0.0,0,0.0,0.0
temperature_c,51.721,sound_db,93.843,0,0.0,0,0.0,0.0
temperature_c,51.721,sound_db,106.99,0,0.0,0,0.0,0.0
temperature_c,26.25,vibration_g,0.21,303,48.71,122,12.47,71.29
temperature_c,26.25,vibration_g,0.24,270,43.41,103,10.53,72.39
temperature_c,26.25,vibration_g,0.31,182,29.26,69,7.06,72.51
temperature_c,26.25,vibration_g,0.37,118,18.97,55,5.62,68.21
temperature_c,26.25,vibration_g,1.872,46,7.4,45,4.6,50.55
temperature_c,26.25,vibration_g,3.31,29,4.66,44,4.5,39.73
temperature_c,26.25,vibration_g,4.101,18,2.89,30,3.07,37.5
temperature_c,26.25,vibration_g,4.87,3,0.48,19,1.94,13.64
temperature_c,27.352,vibration_g,0.21,254,40.84,79,8.08,76.28
temperature_c,27.352,vibration_g,0.24,224,36.01,73,7.46,75.42
temperature_c,27.352,vibration_g,0.31,144,23.15,49,5.01,74.61
temperature_c,27.352,vibration_g,0.37,90,14.47,37,3.78,70.87
temperature_c,27.352,vibration_g,1.872,19,3.05,27,2.76,41.3
temperature_c,27.352,vibration_g,3.31,11,1.77,26,2.66,29.73
temperature_c,27.352,vibration_g,4.101,7,1.13,17,1.74,29.17
temperature_c,27.352,vibration_g,4.87,1,0.16,9,0.92,10.0
temperature_c,28.939,vibration_g,0.21,210,33.76,47,4.81,81.71
temperature_c,28.939,vibration_g,0.24,189,30.39,45,4.6,80.77
temperature_c,28.939,vibration_g,0.31,124,19.94,28,2.86,81.58
temperature_c,28.939,vibration_g,0.37,76,12.22,18,1.84,80.85
temperature_c,28.939,vibration_g,1.872,5,0.8,8,0.82,38.46
temperature_c,28.939,vibration_g,3.31,4,0.64,7,0.72,36.36
temperature_c,28.939,vibration_g,4.101,3,0.48,5,0.51,37.5
temperature_c,28.939,vibration_g,4.87,0,0.0,3,0.31,0.0
temperature_c,30.24,vibration_g,0.21,193,31.03,32,3.27,85.78
temperature_c,30.24,vibration_g,0.24,172,27.65,31,3.17,84.73
temperature_c,30.24,vibration_g,0.31,117,18.81,21,2.15,84.78
temperature_c,30.24,vibration_g,0.37,71,11.41,11,1.12,86.59
temperature_c,30.24,vibration_g,1.872,0,0.0,1,0.1,0.0
temperature_c,30.24,vibration_g,3.31,0,0.0,0,0.0,0.0
temperature_c,30.24,vibration_g,4.101,0,0.0,0,0.0,0.0
temperature_c,30.24,vibration_g,4.87,0,0.0,0,0.0,0.0
temperature_c,32.65,vibration_g,0.21,189,30.39,30,3.07,86.3
temperature_c,32.65,vibration_g,0.24,169,27.17,29,2.97,85.35
temperature_c,32.65,vibration_g,0.31,115,18.49,20,2.04,85.19
temperature_c,32.65,vibration_g,0.37,71,11.41,10,1.02,87.65
temperature_c,32.65,vibration_g,1.872,0,0.0,0,0.0,0.0
temperature_c,32.65,vibration_g,3.31,0,0.0,0,0.0,0.0
temperature_c,32.65,vibration_g,4.101,0,0.0,0,0.0,0.0
temperature_c,32.65,vibration_g,4.87,0,0.0,0,0.0,0.0
temperature_c,37.132,vibration_g,0.21,180,28.94,28,2.86,86.54
temperature_c,37.132,vibration_g,0.24,161,25.88,27,2.76,85.64
temperature_c,37.132,vibration_g,0.31,112,18.01,18,1.84,86.15
temperature_c,37.132,vibration_g,0.37,69,11.09,9,0.92,88.46
temperature_c,37.132,vibration_g,1.872,0,0.0,0,0.0,0.0
temperature_c,37.132,vibration_g,3.31,0,0.0,0,0.0,0.0
temperature_c,37.132,vibration_g,4.101,0,0.0,0,0.0,0.0
temperature_c,37.132,vibration_g,4.87,0,0.0,0,0.0,0.0
temperature_c,44.65,vibration_g,0.21,133,21.38,2,0.2,98.52
temperature_c,44.65,vibration_g,0.24,123,19.77,2,0.2,98.4
temperature_c,44.65,vibration_g,0.31,84,13.5,2,0.2,97.67
temperature_c,44.65,vibration_g,0.37,48,7.72,1,0.1,97.96
temperature_c,44.65,vibration_g,1.872,0,0.0,0,0.0,0.0
temperature_c,44.65,vibration_g,3.31,0,0.0,0,0.0,0.0
temperature_c,44.65,vibration_g,4.101,0,0.0,0,0.0,0.0
temperature_c,44.65,vibration_g,4.87,0,0.0,0,0.0,0.0
temperature_c,51.721,vibration_g,0.21,69,11.09,0,0.0,100.0
temperature_c,51.721,vibration_g,0.24,63,10.13,0,0.0,100.0
temperature_c,51.721,vibration_g,0.31,42,6.75,0,0.0,100.0
temperature_c,51.721,vibration_g,0.37,26,4.18,0,0.0,100.0
temperature_c,51.721,vibration_g,1.872,0,0.0,0,0.0,0.0
temperature_c,51.721,vibration_g,3.31,0,0.0,0,0.0,0.0
temperature_c,51.721,vibration_g,4.101,0,0.0,0,0.0,0.0
temperature_c,51.721,vibration_g,4.87,0,0.0,0,0.0,0.0
humidity_pct,61.78,pressure_hpa,1010.995,86,13.83,293,29.96,22.69
humidity_pct,61.78,pressure_hpa,1011.99,61,9.81,247,25.26,19.81
humidity_pct,61.78,pressure_hpa,1012.93,40,6.43,191,19.53,17.32
humidity_pct,61.78,pressure_hpa,1013.412,34,5.47,163,16.67,17.26
humidity_pct,61.78,pressure_hpa,1014.08,28,4.5,139,14.21,16.77
humidity_pct,61.78,pressure_hpa,1014.852,21,3.38,107,10.94,16.41
humidity_pct,61.78,pressure_hpa,1015.813,13,2.09,67,6.85,16.25
humidity_pct,61.78,pressure_hpa,1016.93,5,0.8,32,3.27,13.51
humidity_pct,63.772,pressure_hpa,1010.995,68,10.93,220,22.49,23.61
humidity_pct,63.772,pressure_hpa,1011.99,46,7.4,180,18.4,20.35
humidity_pct,63.772,pressure_hpa,1012.93,29,4.66,137,14.01,17.47
humidity_pct,63.772,pressure_hpa,1013.412,24,3.86,127,12.99,15.89
humidity_pct,63.772,pressure_hpa,1014.08,21,3.38,109,11.15,16.15
humidity_pct,63.772,pressure_hpa,1014.852,16,2.57,81,8.28,16.49
humidity_pct,63.772,pressure_hpa,1015.813,10,1.61,51,5.21,16.39
humidity_pct,63.772,pressure_hpa,1016.93,4,0.64,25,2.56,13.79
humidity_pct,65.963,pressure_hpa,1010.995,48,7.72,140,14.31,25.53
humidity_pct,65.963,pressure_hpa,1011.99,33,5.31,115,11.76,22.3
humidity_pct,65.963,pressure_hpa,1012.93,21,3.38,87,8.9,19.44
humidity_pct,65.963,pressure_hpa,1013.412,17,2.73,82,8.38,17.17
humidity_pct,65.963,pressure_hpa,1014.08,17,2.73,71,7.26,19.32
humidity_pct,65.963,pressure_hpa,1014.852,13,2.09,53,5.42,19.7
humidity_pct,65.963,pressure_hpa,1015.813,8,1.29,36,3.68,18.18
humidity_pct,65.963,pressure_hpa,1016.93,3,0.48,15,1.53,16.67
humidity_pct,66.98,pressure_hpa,1010.995,33,5.31,108,11.04,23.4
humidity_pct,66.98,pressure_hpa,1011.99,23,3.7,88,9.0,20.72
humidity_pct,66.98,pressure_hpa,1012.93,14,2.25,62,6.34,18.42
humidity_pct,66.98,pressure_hpa,1013.412,13,2.09,57,5.83,18.57
humidity_pct,66.98,pressure_hpa,1014.08,13,2.09,50,5.11,20.63
humidity_pct,66.98,pressure_hpa,1014.852,10,1.61,37,3.78,21.28
humidity_pct,66.98,pressure_hpa,1015.813,6,0.96,26,2.66,18.75
humidity_pct,66.98,pressure_hpa,1016.93,2,0.32,11,1.12,15.38
humidity_pct,68.622,pressure_hpa,1010.995,19,3.05,71,7.26,21.11
humidity_pct,68.622,pressure_hpa,1011.99,12,1.93,56,5.73,17.65
humidity_pct,68.622,pressure_hpa,1012.93,5,0.8,40,4.09,11.11
humidity_pct,68.622,pressure_hpa,1013.412,5,0.8,37,3.78,11.9
humidity_pct,68.622,pressure_hpa,1014.08,5,0.8,31,3.17,13.89
humidity_pct,68.622,pressure_hpa,1014.852,4,0.64,26,2.66,13.33
humidity_pct,68.622,pressure_hpa,1015.813,4,0.64,16,1.64,20.0
humidity_pct,68.622,pressure_hpa,1016.93,1,0.16,9,0.92,10.0
humidity_pct,71.241,pressure_hpa,1010.995,5,0.8,36,3.68,12.2
humidity_pct,71.241,pressure_hpa,1011.99,3,0.48,24,2.45,11.11
humidity_pct,71.241,pressure_hpa,1012.93,2,0.32,16,1.64,11.11
humidity_pct,71.241,pressure_hpa,1013.412,2,0.32,15,1.53,11.76
humidity_pct,71.241,pressure_hpa,1014.08,2,0.32,12,1.23,14.29
humidity_pct,71.241,pressure_hpa,1014.852,1,0.16,9,0.92,10.0
humidity_pct,71.241,pressure_hpa,1015.813,1,0.16,7,0.72,12.5
humidity_pct,71.241,pressure_hpa,1016.93,0,0.0,5,0.51,0.0
humidity_pct,84.093,pressure_hpa,1010.995,0,0.0,7,0.72,0.0
humidity_pct,84.093,pressure_hpa,1011.99,0,0.0,4,0.41,0.0
humidity_pct,84.093,pressure_hpa,1012.93,0,0.0,1,0.1,0.0
humidity_pct,84.093,pressure_hpa,1013.412,0,0.0,1,0.1,0.0
humidity_pct,84.093,pressure_hpa,1014.08,0,0.0,1,0.1,0.0
humidity_pct,84.093,pressure_hpa,1014.852,0,0.0,0,0.0,0.0
humidity_pct,84.093,pressure_hpa,1015.813,0,0.0,0,0.0,0.0
humidity_pct,84.093,pressure_hpa,1016.93,0,0.0,0,0.0,0.0
humidity_pct,89.922,pressure_hpa,1010.995,0,0.0,3,0.31,0.0
humidity_pct,89.922,pressure_hpa,1011.99,0,0.0,2,0.2,0.0
humidity_pct,89.922,pressure_hpa,1012.93,0,0.0,0,0.0,0.0
humidity_pct,89.922,pressure_hpa,1013.412,0,0.0,0,0.0,0.0
humidity_pct,89.922,pressure_hpa,1014.08,0,0.0,0,0.0,0.0
humidity_pct,89.922,pressure_hpa,1014.852,0,0.0,0,0.0,0.0
humidity_pct,89.922,pressure_hpa,1015.813,0,0.0,0,0.0,0.0
humidity_pct,89.922,pressure_hpa,1016.93,0,0.0,0,0.0,0.0
humidity_pct,61.78,mq4_ch4_ppm,215.08,103,16.56,215,21.98,32.39
humidity_pct,61.78,mq4_ch4_ppm,278.816,76,12.22,138,14.11,35.51
humidity_pct,61.78,mq4_ch4_ppm,435.128,76,12.22,25,2.56,75.25
humidity_pct,61.78,mq4_ch4_ppm,656.57,76,12.22,20,2.04,79.17
humidity_pct,61.78,mq4_ch4_ppm,900.84,76,12.22,18,1.84,80.85
humidity_pct,61.78,mq4_ch4_ppm,1190.033,72,11.58,12,1.23,85.71
humidity_pct,61.78,mq4_ch4_ppm,2403.872,56,9.0,2,0.2,96.55
humidity_pct,61.78,mq4_ch4_ppm,3497.03,26,4.18,0,0.0,100.0
humidity_pct,63.772,mq4_ch4_ppm,215.08,73,11.74,204,20.86,26.35
humidity_pct,63.772,mq4_ch4_ppm,278.816,52,8.36,132,13.5,28.26
humidity_pct,63.772,mq4_ch4_ppm,435.128,52,8.36,21,2.15,71.23
humidity_pct,63.772,mq4_ch4_ppm,656.57,52,8.36,16,1.64,76.47
humidity_pct,63.772,mq4_ch4_ppm,900.84,52,8.36,14,1.43,78.79
humidity_pct,63.772,mq4_ch4_ppm,1190.033,49,7.88,9,0.92,84.48
humidity_pct,63.772,mq4_ch4_ppm,2403.872,40,6.43,0,0.0,100.0
humidity_pct,63.772,mq4_ch4_ppm,3497.03,17,2.73,0,0.0,100.0
humidity_pct,65.963,mq4_ch4_ppm,215.08,42,6.75,179,18.3,19.0
humidity_pct,65.963,mq4_ch4_ppm,278.816,28,4.5,120,12.27,18.92
humidity_pct,65.963,mq4_ch4_ppm,435.128,28,4.5,12,1.23,70.0
humidity_pct,65.963,mq4_ch4_ppm,656.57,28,4.5,7,0.72,80.0
humidity_pct,65.963,mq4_ch4_ppm,900.84,28,4.5,6,0.61,82.35
humidity_pct,65.963,mq4_ch4_ppm,1190.033,27,4.34,3,0.31,90.0
humidity_pct,65.963,mq4_ch4_ppm,2403.872,20,3.22,0,0.0,100.0
humidity_pct,65.963,mq4_ch4_ppm,3497.03,8,1.29,0,0.0,100.0
humidity_pct,66.98,mq4_ch4_ppm,215.08,35,5.63,172,17.59,16.91
humidity_pct,66.98,mq4_ch4_ppm,278.816,22,3.54,117,11.96,15.83
humidity_pct,66.98,mq4_ch4_ppm,435.128,22,3.54,10,1.02,68.75
humidity_pct,66.98,mq4_ch4_ppm,656.57,22,3.54,5,0.51,81.48
humidity_pct,66.98,mq4_ch4_ppm,900.84,22,3.54,5,0.51,81.48
humidity_pct,66.98,mq4_ch4_ppm,1190.033,22,3.54,3,0.31,88.0
humidity_pct,66.98,mq4_ch4_ppm,2403.872,16,2.57,0,0.0,100.0
humidity_pct,66.98,mq4_ch4_ppm,3497.03,6,0.96,0,0.0,100.0
humidity_pct,68.622,mq4_ch4_ppm,215.08,15,2.41,163,16.67,8.43
humidity_pct,68.622,mq4_ch4_ppm,278.816,9,1.45,114,11.66,7.32
humidity_pct,68.622,mq4_ch4_ppm,435.128,9,1.45,9,0.92,50.0
humidity_pct,68.622,mq4_ch4_ppm,656.57,9,1.45,4,0.41,69.23
humidity_pct,68.622,mq4_ch4_ppm,900.84,9,1.45,4,0.41,69.23
humidity_pct,68.622,mq4_ch4_ppm,1190.033,9,1.45,3,0.31,75.0
humidity_pct,68.622,mq4_ch4_ppm,2403.872,5,0.8,0,0.0,100.0
humidity_pct,68.622,mq4_ch4_ppm,3497.03,3,0.48,0,0.0,100.0
humidity_pct,71.241,mq4_ch4_ppm,215.08,3,0.48,156,15.95,1.89
humidity_pct,71.241,mq4_ch4_ppm,278.816,1,0.16,109,11.15,0.91
humidity_pct,71.241,mq4_ch4_ppm,435.128,1,0.16,6,0.61,14.29
humidity_pct,71.241,mq4_ch4_ppm,656.57,1,0.16,1,0.1,50.0
humidity_pct,71.241,mq4_ch4_ppm,900.84,1,0.16,1,0.1,50.0
humidity_pct,71.241,mq4_ch4_ppm,1190.033,1,0.16,1,0.1,50.0
humidity_pct,71.241,mq4_ch4_ppm,2403.872,0,0.0,0,0.0,0.0
humidity_pct,71.241,mq4_ch4_ppm,3497.03,0,0.0,0,0.0,0.0
humidity_pct,84.093,mq4_ch4_ppm,215.08,0,0.0,127,12.99,0.0
humidity_pct,84.093,mq4_ch4_ppm,278.816,0,0.0,90,9.2,0.0
humidity_pct,84.093,mq4_ch4_ppm,435.128,0,0.0,5,0.51,0.0
humidity_pct,84.093,mq4_ch4_ppm,656.57,0,0.0,0,0.0,0.0
humidity_pct,84.093,mq4_ch4_ppm,900.84,0,0.0,0,0.0,0.0
humidity_pct,84.093,mq4_ch4_ppm,1190.033,0,0.0,0,0.0,0.0
humidity_pct,84.093,mq4_ch4_ppm,2403.872,0,0.0,0,0.0,0.0
humidity_pct,84.093,mq4_ch4_ppm,3497.03,0,0.0,0,0.0,0.0
humidity_pct,89.922,mq4_ch4_ppm,215.08,0,0.0,59,6.03,0.0
humidity_pct,89.922,mq4_ch4_ppm,278.816,0,0.0,43,4.4,0.0
humidity_pct,89.922,mq4_ch4_ppm,435.128,0,0.0,3,0.31,0.0
humidity_pct,89.922,mq4_ch4_ppm,656.57,0,0.0,0,0.0,0.0
humidity_pct,89.922,mq4_ch4_ppm,900.84,0,0.0,0,0.0,0.0
humidity_pct,89.922,mq4_ch4_ppm,1190.033,0,0.0,0,0.0,0.0
humidity_pct,89.922,mq4_ch4_ppm,2403.872,0,0.0,0,0.0,0.0
humidity_pct,89.922,mq4_ch4_ppm,3497.03,0,0.0,0,0.0,0.0
humidity_pct,61.78,mq135_gas_ppm,93.995,102,16.4,257,26.28,28.41
humidity_pct,61.78,mq135_gas_ppm,117.218,50,8.04,211,21.57,19.16
humidity_pct,61.78,mq135_gas_ppm,173.78,8,1.29,190,19.43,4.04
humidity_pct,61.78,mq135_gas_ppm,254.158,0,0.0,163,16.67,0.0
humidity_pct,61.78,mq135_gas_ppm,328.848,0,0.0,128,13.09,0.0
humidity_pct,61.78,mq135_gas_ppm,403.737,0,0.0,87,8.9,0.0
humidity_pct,61.78,mq135_gas_ppm,470.341,0,0.0,51,5.21,0.0
humidity_pct,61.78,mq135_gas_ppm,532.443,0,0.0,10,1.02,0.0
humidity_pct,63.772,mq135_gas_ppm,93.995,72,11.58,250,25.56,22.36
humidity_pct,63.772,mq135_gas_ppm,117.218,33,5.31,208,21.27,13.69
humidity_pct,63.772,mq135_gas_ppm,173.78,6,0.96,190,19.43,3.06
humidity_pct,63.772,mq135_gas_ppm,254.158,0,0.0,163,16.67,0.0
humidity_pct,63.772,mq135_gas_ppm,328.848,0,0.0,128,13.09,0.0
humidity_pct,63.772,mq135_gas_ppm,403.737,0,0.0,87,8.9,0.0
humidity_pct,63.772,mq135_gas_ppm,470.341,0,0.0,51,5.21,0.0
humidity_pct,63.772,mq135_gas_ppm,532.443,0,0.0,10,1.02,0.0
humidity_pct,65.963,mq135_gas_ppm,93.995,45,7.23,228,23.31,16.48
humidity_pct,65.963,mq135_gas_ppm,117.218,20,3.22,201,20.55,9.05
humidity_pct,65.963,mq135_gas_ppm,173.78,1,0.16,189,19.33,0.53
humidity_pct,65.963,mq135_gas_ppm,254.158,0,0.0,163,16.67,0.0
humidity_pct,65.963,mq135_gas_ppm,328.848,0,0.0,128,13.09,0.0
humidity_pct,65.963,mq135_gas_ppm,403.737,0,0.0,87,8.9,0.0
humidity_pct,65.963,mq135_gas_ppm,470.341,0,0.0,51,5.21,0.0
humidity_pct,65.963,mq135_gas_ppm,532.443,0,0.0,10,1.02,0.0
humidity_pct,66.98,mq135_gas_ppm,93.995,35,5.63,216,22.09,13.94
humidity_pct,66.98,mq135_gas_ppm,117.218,17,2.73,196,20.04,7.98
humidity_pct,66.98,mq135_gas_ppm,173.78,1,0.16,189,19.33,0.53
humidity_pct,66.98,mq135_gas_ppm,254.158,0,0.0,163,16.67,0.0
humidity_pct,66.98,mq135_gas_ppm,328.848,0,0.0,128,13.09,0.0
humidity_pct,66.98,mq135_gas_ppm,403.737,0,0.0,87,8.9,0.0
humidity_pct,66.98,mq135_gas_ppm,470.341,0,0.0,51,5.21,0.0
humidity_pct,66.98,mq135_gas_ppm,532.443,0,0.0,10,1.02,0.0
humidity_pct,68.622,mq135_gas_ppm,93.995,16,2.57,210,21.47,7.08
humidity_pct,68.622,mq135_gas_ppm,117.218,8,1.29,194,19.84,3.96
humidity_pct,68.622,mq135_gas_ppm,173.78,0,0.0,189,19.33,0.0
humidity_pct,68.622,mq135_gas_ppm,254.158,0,0.0,163,16.67,0.0
humidity_pct,68.622,mq135_gas_ppm,328.848,0,0.0,128,13.09,0.0
humidity_pct,68.622,mq135_gas_ppm,403.737,0,0.0,87,8.9,0.0
humidity_pct,68.622,mq135_gas_ppm,470.341,0,0.0,51,5.21,0.0
humidity_pct,68.622,mq135_gas_ppm,532.443,0,0.0,10,1.02,0.0
humidity_pct,71.241,mq135_gas_ppm,93.995,3,0.48,198,20.25,1.49
humidity_pct,71.241,mq135_gas_ppm,117.218,1,0.16,191,19.53,0.52
humidity_pct,71.241,mq135_gas_ppm,173.78,0,0.0,189,19.33,0.0
humidity_pct,71.241,mq135_gas_ppm,254.158,0,0.0,163,16.67,0.0
humidity_pct,71.241,mq135_gas_ppm,328.848,0,0.0,128,13.09,0.0
humidity_pct,71.241,mq135_gas_ppm,403.737,0,0.0,87,8.9,0.0
humidity_pct,71.241,mq135_gas_ppm,470.341,0,0.0,51,5.21,0.0
humidity_pct,71.241,mq135_gas_ppm,532.443,0,0.0,10,1.02,0.0
humidity_pct,84.093,mq135_gas_ppm,93.995,0,0.0,160,16.36,0.0
humidity_pct,84.093,mq135_gas_ppm,117.218,0,0.0,160,16.36,0.0
humidity_pct,84.093,mq135_gas_ppm,173.78,0,0.0,160,16.36,0.0
humidity_pct,84.093,mq135_gas_ppm,254.158,0,0.0,138,14.11,0.0
humidity_pct,84.093,mq135_gas_ppm,328.848,0,0.0,110,11.25,0.0
humidity_pct,84.093,mq135_gas_ppm,403.737,0,0.0,73,7.46,0.0
humidity_pct,84.093,mq135_gas_ppm,470.341,0,0.0,43,4.4,0.0
humidity_pct,84.093,mq135_gas_ppm,532.443,0,0.0,8,0.82,0.0
humidity_pct,89.922,mq135_gas_ppm,93.995,0,0.0,80,8.18,0.0
humidity_pct,89.922,mq135_gas_ppm,117.218,0,0.0,80,8.18,0.0
humidity_pct,89.922,mq135_gas_ppm,173.78,0,0.0,80,8.18,0.0
humidity_pct,89.922,mq135_gas_ppm,254.158,0,0.0,71,7.26,0.0
humidity_pct,89.922,mq135_gas_ppm,328.848,0,0.0,58,5.93,0.0
humidity_pct,89.922,mq135_gas_ppm,403.737,0,0.0,39,3.99,0.0
humidity_pct,89.922,mq135_gas_ppm,470.341,0,0.0,23,2.35,0.0
humidity_pct,89.922,mq135_gas_ppm,532.443,0,0.0,6,0.61,0.0
humidity_pct,61.78,sound_db,60.645,168,27.01,156,15.95,51.85
humidity_pct,61.78,sound_db,64.358,152,24.44,116,11.86,56.72
humidity_pct,61.78,sound_db,69.512,135,21.7,95,9.71,58.7
humidity_pct,61.78,sound_db,72.675,130,20.9,85,8.69,60.47
humidity_pct,61.78,sound_db,76.926,125,20.1,69,7.06,64.43
humidity_pct,61.78,sound_db,85.569,123,19.77,34,3.48,78.34
humidity_pct,61.78,sound_db,93.843,101,16.24,6,0.61,94.39
humidity_pct,61.78,sound_db,106.99,52,8.36,0,0.0,100.0
humidity_pct,63.772,sound_db,60.645,124,19.94,125,12.78,49.8
humidity_pct,63.772,sound_db,64.358,114,18.33,99,10.12,53.52
humidity_pct,63.772,sound_db,69.512,101,16.24,84,8.59,54.59
humidity_pct,63.772,sound_db,72.675,97,15.59,75,7.67,56.4
humidity_pct,63.772,sound_db,76.926,94,15.11,60,6.13,61.04
humidity_pct,63.772,sound_db,85.569,92,14.79,27,2.76,77.31
humidity_pct,63.772,sound_db,93.843,75,12.06,5,0.51,93.75
humidity_pct,63.772,sound_db,106.99,37,5.95,0,0.0,100.0
humidity_pct,65.963,sound_db,60.645,85,13.67,89,9.1,48.85
humidity_pct,65.963,sound_db,64.358,76,12.22,71,7.26,51.7
humidity_pct,65.963,sound_db,69.512,71,11.41,61,6.24,53.79
humidity_pct,65.963,sound_db,72.675,71,11.41,57,5.83,55.47
humidity_pct,65.963,sound_db,76.926,69,11.09,45,4.6,60.53
humidity_pct,65.963,sound_db,85.569,68,10.93,21,2.15,76.4
humidity_pct,65.963,sound_db,93.843,55,8.84,5,0.51,91.67
humidity_pct,65.963,sound_db,106.99,28,4.5,0,0.0,100.0
humidity_pct,66.98,sound_db,60.645,63,10.13,70,7.16,47.37
humidity_pct,66.98,sound_db,64.358,54,8.68,54,5.52,50.0
humidity_pct,66.98,sound_db,69.512,50,8.04,45,4.6,52.63
humidity_pct,66.98,sound_db,72.675,50,8.04,43,4.4,53.76
humidity_pct,66.98,sound_db,76.926,49,7.88,35,3.58,58.33
humidity_pct,66.98,sound_db,85.569,48,7.72,17,1.74,73.85
humidity_pct,66.98,sound_db,93.843,40,6.43,4,0.41,90.91
humidity_pct,66.98,sound_db,106.99,18,2.89,0,0.0,100.0
humidity_pct,68.622,sound_db,60.645,34,5.47,53,5.42,39.08
humidity_pct,68.622,sound_db,64.358,28,4.5,42,4.29,40.0
humidity_pct,68.622,sound_db,69.512,27,4.34,36,3.68,42.86
humidity_pct,68.622,sound_db,72.675,27,4.34,35,3.58,43.55
humidity_pct,68.622,sound_db,76.926,27,4.34,28,2.86,49.09
humidity_pct,68.622,sound_db,85.569,27,4.34,14,1.43,65.85
humidity_pct,68.622,sound_db,93.843,22,3.54,3,0.31,88.0
humidity_pct,68.622,sound_db,106.99,8,1.29,0,0.0,100.0
humidity_pct,71.241,sound_db,60.645,8,1.29,26,2.66,23.53
humidity_pct,71.241,sound_db,64.358,8,1.29,24,2.45,25.0
humidity_pct,71.241,sound_db,69.512,8,1.29,22,2.25,26.67
humidity_pct,71.241,sound_db,72.675,8,1.29,22,2.25,26.67
humidity_pct,71.241,sound_db,76.926,8,1.29,17,1.74,32.0
humidity_pct,71.241,sound_db,85.569,8,1.29,8,0.82,50.0
humidity_pct,71.241,sound_db,93.843,7,1.13,2,0.2,77.78
humidity_pct,71.241,sound_db,106.99,2,0.32,0,0.0,100.0
humidity_pct,84.093,sound_db,60.645,0,0.0,0,0.0,0.0
humidity_pct,84.093,sound_db,64.358,0,0.0,0,0.0,0.0
humidity_pct,84.093,sound_db,69.512,0,0.0,0,0.0,0.0
humidity_pct,84.093,sound_db,72.675,0,0.0,0,0.0,0.0
humidity_pct,84.093,sound_db,76.926,0,0.0,0,0.0,0.0
humidity_pct,84.093,sound_db,85.569,0,0.0,0,0.0,0.0
humidity_pct,84.093,sound_db,93.843,0,0.0,0,0.0,0.0
humidity_pct,84.093,sound_db,106.99,0,0.0,0,0.0,0.0
humidity_pct,89.922,sound_db,60.645,0,0.0,0,0.0,0.0
humidity_pct,89.922,sound_db,64.358,0,0.0,0,0.0,0.0
humidity_pct,89.922,sound_db,69.512,0,0.0,0,0.0,0.0
humidity_pct,89.922,sound_db,72.675,0,0.0,0,0.0,0.0
humidity_pct,89.922,sound_db,76.926,0,0.0,0,0.0,0.0
humidity_pct,89.922,sound_db,85.569,0,0.0,0,0.0,0.0
humidity_pct,89.922,sound_db,93.843,0,0.0,0,0.0,0.0
humidity_pct,89.922,sound_db,106.99,0,0.0,0,0.0,0.0
humidity_pct,61.78,vibration_g,0.21,161,25.88,174,17.79,48.06
humidity_pct,61.78,vibration_g,0.24,153,24.6,126,12.88,54.84
humidity_pct,61.78,vibration_g,0.31,134,21.54,93,9.51,59.03
humidity_pct,61.78,vibration_g,0.37,123,19.77,90,9.2,57.75
humidity_pct,61.78,vibration_g,1.872,122,19.61,90,9.2,57.55
humidity_pct,61.78,vibration_g,3.31,73,11.74,88,9.0,45.34
humidity_pct,61.78,vibration_g,4.101,39,6.27,67,6.85,36.79
humidity_pct,61.78,vibration_g,4.87,6,0.96,45,4.6,11.76
humidity_pct,63.772,vibration_g,0.21,118,18.97,144,14.72,45.04
humidity_pct,63.772,vibration_g,0.24,115,18.49,109,11.15,51.34
humidity_pct,63.772,vibration_g,0.31,101,16.24,82,8.38,55.19
humidity_pct,63.772,vibration_g,0.37,92,14.79,80,8.18,53.49
humidity_pct,63.772,vibration_g,1.872,92,14.79,80,8.18,53.49
humidity_pct,63.772,vibration_g,3.31,55,8.84,78,7.98,41.35
humidity_pct,63.772,vibration_g,4.101,30,4.82,60,6.13,33.33
humidity_pct,63.772,vibration_g,4.87,3,0.48,39,3.99,7.14
humidity_pct,65.963,vibration_g,0.21,79,12.7,100,10.22,44.13
humidity_pct,65.963,vibration_g,0.24,78,12.54,77,7.87,50.32
humidity_pct,65.963,vibration_g,0.31,70,11.25,61,6.24,53.44
humidity_pct,65.963,vibration_g,0.37,68,10.93,60,6.13,53.12
humidity_pct,65.963,vibration_g,1.872,68,10.93,60,6.13,53.12
humidity_pct,65.963,vibration_g,3.31,40,6.43,58,5.93,40.82
humidity_pct,65.963,vibration_g,4.101,23,3.7,46,4.7,33.33
humidity_pct,65.963,vibration_g,4.87,2,0.32,30,3.07,6.25
humidity_pct,66.98,vibration_g,0.21,56,9.0,73,7.46,43.41
humidity_pct,66.98,vibration_g,0.24,55,8.84,59,6.03,48.25
humidity_pct,66.98,vibration_g,0.31,49,7.88,46,4.7,51.58
humidity_pct,66.98,vibration_g,0.37,48,7.72,45,4.6,51.61
humidity_pct,66.98,vibration_g,1.872,48,7.72,45,4.6,51.61
humidity_pct,66.98,vibration_g,3.31,27,4.34,43,4.4,38.57
humidity_pct,66.98,vibration_g,4.101,16,2.57,36,3.68,30.77
humidity_pct,66.98,vibration_g,4.87,2,0.32,24,2.45,7.69
humidity_pct,68.622,vibration_g,0.21,29,4.66,54,5.52,34.94
humidity_pct,68.622,vibration_g,0.24,29,4.66,45,4.6,39.19
humidity_pct,68.622,vibration_g,0.31,27,4.34,37,3.78,42.19
humidity_pct,68.622,vibration_g,0.37,27,4.34,36,3.68,42.86
humidity_pct,68.622,vibration_g,1.872,27,4.34,36,3.68,42.86
humidity_pct,68.622,vibration_g,3.31,17,2.73,35,3.58,32.69
humidity_pct,68.622,vibration_g,4.101,10,1.61,29,2.97,25.64
humidity_pct,68.622,vibration_g,4.87,1,0.16,20,2.04,4.76
humidity_pct,71.241,vibration_g,0.21,8,1.29,30,3.07,21.05
humidity_pct,71.241,vibration_g,0.24,8,1.29,25,2.56,24.24
humidity_pct,71.241,vibration_g,0.31,8,1.29,22,2.25,26.67
humidity_pct,71.241,vibration_g,0.37,8,1.29,22,2.25,26.67
humidity_pct,71.241,vibration_g,1.872,8,1.29,22,2.25,26.67
humidity_pct,71.241,vibration_g,3.31,5,0.8,21,2.15,19.23
humidity_pct,71.241,vibration_g,4.101,3,0.48,19,1.94,13.64
humidity_pct,71.241,vibration_g,4.87,0,0.0,16,1.64,0.0
humidity_pct,84.093,vibration_g,0.21,0,0.0,0,0.0,0.0
humidity_pct,84.093,vibration_g,0.24,0,0.0,0,0.0,0.0
humidity_pct,84.093,vibration_g,0.31,0,0.0,0,0.0,0.0
humidity_pct,84.093,vibration_g,0.37,0,0.0,0,0.0,0.0
humidity_pct,84.093,vibration_g,1.872,0,0.0,0,0.0,0.0
humidity_pct,84.093,vibration_g,3.31,0,0.0,0,0.0,0.0
humidity_pct,84.093,vibration_g,4.101,0,0.0,0,0.0,0.0
humidity_pct,84.093,vibration_g,4.87,0,0.0,0,0.0,0.0
humidity_pct,89.922,vibration_g,0.21,0,0.0,0,0.0,0.0
humidity_pct,89.922,vibration_g,0.24,0,0.0,0,0.0,0.0
humidity_pct,89.922,vibration_g,0.31,0,0.0,0,0.0,0.0
humidity_pct,89.922,vibration_g,0.37,0,0.0,0,0.0,0.0
humidity_pct,89.922,vibration_g,1.872,0,0.0,0,0.0,0.0
humidity_pct,89.922,vibration_g,3.31,0,0.0,0,0.0,0.0
humidity_pct,89.922,vibration_g,4.101,0,0.0,0,0.0,0.0
humidity_pct,89.922,vibration_g,4.87,0,0.0,0,0.0,0.0
pressure_hpa,1010.995,mq4_ch4_ppm,215.08,151,24.28,93,9.51,61.89
pressure_hpa,1010.995,mq4_ch4_ppm,278.816,129,20.74,43,4.4,75.0
pressure_hpa,1010.995,mq4_ch4_ppm,435.128,116,18.65,28,2.86,80.56
pressure_hpa,1010.995,mq4_ch4_ppm,656.57,89,14.31,21,2.15,80.91
pressure_hpa,1010.995,mq4_ch4_ppm,900.84,62,9.97,18,1.84,77.5
pressure_hpa,1010.995,mq4_ch4_ppm,1190.033,40,6.43,10,1.02,80.0
pressure_hpa,1010.995,mq4_ch4_ppm,2403.872,29,4.66,2,0.2,93.55
pressure_hpa,1010.995,mq4_ch4_ppm,3497.03,15,2.41,0,0.0,100.0
pressure_hpa,1011.99,mq4_ch4_ppm,215.08,112,18.01,67,6.85,62.57
pressure_hpa,1011.99,mq4_ch4_ppm,278.816,93,14.95,30,3.07,75.61
pressure_hpa,1011.99,mq4_ch4_ppm,435.128,82,13.18,19,1.94,81.19
pressure_hpa,1011.99,mq4_ch4_ppm,656.57,60,9.65,14,1.43,81.08
pressure_hpa,1011.99,mq4_ch4_ppm,900.84,40,6.43,12,1.23,76.92
pressure_hpa,1011.99,mq4_ch4_ppm,1190.033,27,4.34,7,0.72,79.41
pressure_hpa,1011.99,mq4_ch4_ppm,2403.872,19,3.05,1,0.1,95.0
pressure_hpa,1011.99,mq4_ch4_ppm,3497.03,12,1.93,0,0.0,100.0
pressure_hpa,1012.93,mq4_ch4_ppm,215.08,79,12.7,43,4.4,64.75
pressure_hpa,1012.93,mq4_ch4_ppm,278.816,65,10.45,14,1.43,82.28
pressure_hpa,1012.93,mq4_ch4_ppm,435.128,56,9.0,9,0.92,86.15
pressure_hpa,1012.93,mq4_ch4_ppm,656.57,40,6.43,8,0.82,83.33
pressure_hpa,1012.93,mq4_ch4_ppm,900.84,25,4.02,8,0.82,75.76
pressure_hpa,1012.93,mq4_ch4_ppm,1190.033,17,2.73,3,0.31,85.0
pressure_hpa,1012.93,mq4_ch4_ppm,2403.872,13,2.09,0,0.0,100.0
pressure_hpa,1012.93,mq4_ch4_ppm,3497.03,7,1.13,0,0.0,100.0
pressure_hpa,1013.412,mq4_ch4_ppm,215.08,61,9.81,31,3.17,66.3
pressure_hpa,1013.412,mq4_ch4_ppm,278.816,51,8.2,11,1.12,82.26
pressure_hpa,1013.412,mq4_ch4_ppm,435.128,45,7.23,7,0.72,86.54
pressure_hpa,1013.412,mq4_ch4_ppm,656.57,33,5.31,6,0.61,84.62
pressure_hpa,1013.412,mq4_ch4_ppm,900.84,21,3.38,6,0.61,77.78
pressure_hpa,1013.412,mq4_ch4_ppm,1190.033,14,2.25,1,0.1,93.33
pressure_hpa,1013.412,mq4_ch4_ppm,2403.872,10,1.61,0,0.0,100.0
pressure_hpa,1013.412,mq4_ch4_ppm,3497.03,6,0.96,0,0.0,100.0
pressure_hpa,1014.08,mq4_ch4_ppm,215.08,44,7.07,26,2.66,62.86
pressure_hpa,1014.08,mq4_ch4_ppm,278.816,35,5.63,9,0.92,79.55
pressure_hpa,1014.08,mq4_ch4_ppm,435.128,30,4.82,5,0.51,85.71
pressure_hpa,1014.08,mq4_ch4_ppm,656.57,23,3.7,4,0.41,85.19
pressure_hpa,1014.08,mq4_ch4_ppm,900.84,15,2.41,4,0.41,78.95
pressure_hpa,1014.08,mq4_ch4_ppm,1190.033,10,1.61,0,0.0,100.0
pressure_hpa,1014.08,mq4_ch4_ppm,2403.872,7,1.13,0,0.0,100.0
pressure_hpa,1014.08,mq4_ch4_ppm,3497.03,4,0.64,0,0.0,100.0
pressure_hpa,1014.852,mq4_ch4_ppm,215.08,27,4.34,20,2.04,57.45
pressure_hpa,1014.852,mq4_ch4_ppm,278.816,22,3.54,6,0.61,78.57
pressure_hpa,1014.852,mq4_ch4_ppm,435.128,19,3.05,4,0.41,82.61
pressure_hpa,1014.852,mq4_ch4_ppm,656.57,15,2.41,4,0.41,78.95
pressure_hpa,1014.852,mq4_ch4_ppm,900.84,11,1.77,4,0.41,73.33
pressure_hpa,1014.852,mq4_ch4_ppm,1190.033,8,1.29,0,0.0,100.0
pressure_hpa,1014.852,mq4_ch4_ppm,2403.872,5,0.8,0,0.0,100.0
pressure_hpa,1014.852,mq4_ch4_ppm,3497.03,2,0.32,0,0.0,100.0
pressure_hpa,1015.813,mq4_ch4_ppm,215.08,18,2.89,14,1.43,56.25
pressure_hpa,1015.813,mq4_ch4_ppm,278.816,14,2.25,3,0.31,82.35
pressure_hpa,1015.813,mq4_ch4_ppm,435.128,11,1.77,2,0.2,84.62
pressure_hpa,1015.813,mq4_ch4_ppm,656.57,10,1.61,2,0.2,83.33
pressure_hpa,1015.813,mq4_ch4_ppm,900.84,7,1.13,2,0.2,77.78
pressure_hpa,1015.813,mq4_ch4_ppm,1190.033,6,0.96,0,0.0,100.0
pressure_hpa,1015.813,mq4_ch4_ppm,2403.872,3,0.48,0,0.0,100.0
pressure_hpa,1015.813,mq4_ch4_ppm,3497.03,2,0.32,0,0.0,100.0
pressure_hpa,1016.93,mq4_ch4_ppm,215.08,12,1.93,8,0.82,60.0
pressure_hpa,1016.93,mq4_ch4_ppm,278.816,9,1.45,2,0.2,81.82
pressure_hpa,1016.93,mq4_ch4_ppm,435.128,7,1.13,1,0.1,87.5
pressure_hpa,1016.93,mq4_ch4_ppm,656.57,6,0.96,1,0.1,85.71
pressure_hpa,1016.93,mq4_ch4_ppm,900.84,4,0.64,1,0.1,80.0
pressure_hpa,1016.93,mq4_ch4_ppm,1190.033,3,0.48,0,0.0,100.0
pressure_hpa,1016.93,mq4_ch4_ppm,2403.872,1,0.16,0,0.0,100.0
pressure_hpa,1016.93,mq4_ch4_ppm,3497.03,1,0.16,0,0.0,100.0
pressure_hpa,1010.995,mq135_gas_ppm,93.995,158,25.4,90,9.2,63.71
pressure_hpa,1010.995,mq135_gas_ppm,117.218,119,19.13,49,5.01,70.83
pressure_hpa,1010.995,mq135_gas_ppm,173.78,89,14.31,28,2.86,76.07
pressure_hpa,1010.995,mq135_gas_ppm,254.158,79,12.7,25,2.56,75.96
pressure_hpa,1010.995,mq135_gas_ppm,328.848,71,11.41,15,1.53,82.56
pressure_hpa,1010.995,mq135_gas_ppm,403.737,61,9.81,8,0.82,88.41
pressure_hpa,1010.995,mq135_gas_ppm,470.341,43,6.91,6,0.61,87.76
pressure_hpa,1010.995,mq135_gas_ppm,532.443,30,4.82,1,0.1,96.77
pressure_hpa,1011.99,mq135_gas_ppm,93.995,117,18.81,68,6.95,63.24
pressure_hpa,1011.99,mq135_gas_ppm,117.218,87,13.99,36,3.68,70.73
pressure_hpa,1011.99,mq135_gas_ppm,173.78,67,10.77,19,1.94,77.91
pressure_hpa,1011.99,mq135_gas_ppm,254.158,61,9.81,18,1.84,77.22
pressure_hpa,1011.99,mq135_gas_ppm,328.848,55,8.84,9,0.92,85.94
pressure_hpa,1011.99,mq135_gas_ppm,403.737,46,7.4,4,0.41,92.0
pressure_hpa,1011.99,mq135_gas_ppm,470.341,32,5.14,3,0.31,91.43
pressure_hpa,1011.99,mq135_gas_ppm,532.443,23,3.7,0,0.0,100.0
pressure_hpa,1012.93,mq135_gas_ppm,93.995,83,13.34,49,5.01,62.88
pressure_hpa,1012.93,mq135_gas_ppm,117.218,64,10.29,23,2.35,73.56
pressure_hpa,1012.93,mq135_gas_ppm,173.78,50,8.04,9,0.92,84.75
pressure_hpa,1012.93,mq135_gas_ppm,254.158,45,7.23,8,0.82,84.91
pressure_hpa,1012.93,mq135_gas_ppm,328.848,42,6.75,4,0.41,91.3
pressure_hpa,1012.93,mq135_gas_ppm,403.737,34,5.47,1,0.1,97.14
pressure_hpa,1012.93,mq135_gas_ppm,470.341,27,4.34,1,0.1,96.43
pressure_hpa,1012.93,mq135_gas_ppm,532.443,21,3.38,0,0.0,100.0
pressure_hpa,1013.412,mq135_gas_ppm,93.995,62,9.97,42,4.29,59.62
pressure_hpa,1013.412,mq135_gas_ppm,117.218,50,8.04,19,1.94,72.46
pressure_hpa,1013.412,mq135_gas_ppm,173.78,38,6.11,8,0.82,82.61
pressure_hpa,1013.412,mq135_gas_ppm,254.158,34,5.47,7,0.72,82.93
pressure_hpa,1013.412,mq135_gas_ppm,328.848,32,5.14,4,0.41,88.89
pressure_hpa,1013.412,mq135_gas_ppm,403.737,25,4.02,1,0.1,96.15
pressure_hpa,1013.412,mq135_gas_ppm,470.341,19,3.05,1,0.1,95.0
pressure_hpa,1013.412,mq135_gas_ppm,532.443,16,2.57,0,0.0,100.0
pressure_hpa,1014.08,mq135_gas_ppm,93.995,45,7.23,30,3.07,60.0
pressure_hpa,1014.08,mq135_gas_ppm,117.218,36,5.79,15,1.53,70.59
pressure_hpa,1014.08,mq135_gas_ppm,173.78,26,4.18,7,0.72,78.79
pressure_hpa,1014.08,mq135_gas_ppm,254.158,23,3.7,7,0.72,76.67
pressure_hpa,1014.08,mq135_gas_ppm,328.848,21,3.38,4,0.41,84.0
pressure_hpa,1014.08,mq135_gas_ppm,403.737,17,2.73,1,0.1,94.44
pressure_hpa,1014.08,mq135_gas_ppm,470.341,14,2.25,1,0.1,93.33
pressure_hpa,1014.08,mq135_gas_ppm,532.443,12,1.93,0,0.0,100.0
pressure_hpa,1014.852,mq135_gas_ppm,93.995,28,4.5,22,2.25,56.0
pressure_hpa,1014.852,mq135_gas_ppm,117.218,21,3.38,10,1.02,67.74
pressure_hpa,1014.852,mq135_gas_ppm,173.78,15,2.41,4,0.41,78.95
pressure_hpa,1014.852,mq135_gas_ppm,254.158,14,2.25,4,0.41,77.78
pressure_hpa,1014.852,mq135_gas_ppm,328.848,13,2.09,2,0.2,86.67
pressure_hpa,1014.852,mq135_gas_ppm,403.737,11,1.77,0,0.0,100.0
pressure_hpa,1014.852,mq135_gas_ppm,470.341,9,1.45,0,0.0,100.0
pressure_hpa,1014.852,mq135_gas_ppm,532.443,8,1.29,0,0.0,100.0
pressure_hpa,1015.813,mq135_gas_ppm,93.995,19,3.05,11,1.12,63.33
pressure_hpa,1015.813,mq135_gas_ppm,117.218,13,2.09,4,0.41,76.47
pressure_hpa,1015.813,mq135_gas_ppm,173.78,9,1.45,1,0.1,90.0
pressure_hpa,1015.813,mq135_gas_ppm,254.158,8,1.29,1,0.1,88.89
pressure_hpa,1015.813,mq135_gas_ppm,328.848,8,1.29,1,0.1,88.89
pressure_hpa,1015.813,mq135_gas_ppm,403.737,7,1.13,0,0.0,100.0
pressure_hpa,1015.813,mq135_gas_ppm,470.341,6,0.96,0,0.0,100.0
pressure_hpa,1015.813,mq135_gas_ppm,532.443,5,0.8,0,0.0,100.0
pressure_hpa,1016.93,mq135_gas_ppm,93.995,11,1.77,6,0.61,64.71
pressure_hpa,1016.93,mq135_gas_ppm,117.218,8,1.29,2,0.2,80.0
pressure_hpa,1016.93,mq135_gas_ppm,173.78,7,1.13,0,0.0,100.0
pressure_hpa,1016.93,mq135_gas_ppm,254.158,6,0.96,0,0.0,100.0
pressure_hpa,1016.93,mq135_gas_ppm,328.848,6,0.96,0,0.0,100.0
pressure_hpa,1016.93,mq135_gas_ppm,403.737,6,0.96,0,0.0,100.0
pressure_hpa,1016.93,mq135_gas_ppm,470.341,5,0.8,0,0.0,100.0
pressure_hpa,1016.93,mq135_gas_ppm,532.443,4,0.64,0,0.0,100.0
pressure_hpa,1010.995,sound_db,60.645,209,33.6,191,19.53,52.25
pressure_hpa,1010.995,sound_db,64.358,186,29.9,131,13.39,58.68
pressure_hpa,1010.995,sound_db,69.512,151,24.28,97,9.92,60.89
pressure_hpa,1010.995,sound_db,72.675,139,22.35,75,7.67,64.95
pressure_hpa,1010.995,sound_db,76.926,122,19.61,59,6.03,67.4
pressure_hpa,1010.995,sound_db,85.569,113,18.17,28,2.86,80.14
pressure_hpa,1010.995,sound_db,93.843,90,14.47,6,0.61,93.75
pressure_hpa,1010.995,sound_db,106.99,49,7.88,0,0.0,100.0
pressure_hpa,1011.99,sound_db,60.645,156,25.08,157,16.05,49.84
pressure_hpa,1011.99,sound_db,64.358,140,22.51,109,11.15,56.22
pressure_hpa,1011.99,sound_db,69.512,116,18.65,80,8.18,59.18
pressure_hpa,1011.99,sound_db,72.675,107,17.2,63,6.44,62.94
pressure_hpa,1011.99,sound_db,76.926,96,15.43,47,4.81,67.13
pressure_hpa,1011.99,sound_db,85.569,88,14.15,20,2.04,81.48
pressure_hpa,1011.99,sound_db,93.843,68,10.93,5,0.51,93.15
pressure_hpa,1011.99,sound_db,106.99,37,5.95,0,0.0,100.0
pressure_hpa,1012.93,sound_db,60.645,105,16.88,122,12.47,46.26
pressure_hpa,1012.93,sound_db,64.358,96,15.43,82,8.38,53.93
pressure_hpa,1012.93,sound_db,69.512,78,12.54,58,5.93,57.35
pressure_hpa,1012.93,sound_db,72.675,72,11.58,43,4.4,62.61
pressure_hpa,1012.93,sound_db,76.926,63,10.13,31,3.17,67.02
pressure_hpa,1012.93,sound_db,85.569,58,9.32,12,1.23,82.86
pressure_hpa,1012.93,sound_db,93.843,47,7.56,5,0.51,90.38
pressure_hpa,1012.93,sound_db,106.99,28,4.5,0,0.0,100.0
pressure_hpa,1013.412,sound_db,60.645,81,13.02,104,10.63,43.78
pressure_hpa,1013.412,sound_db,64.358,74,11.9,70,7.16,51.39
pressure_hpa,1013.412,sound_db,69.512,63,10.13,48,4.91,56.76
pressure_hpa,1013.412,sound_db,72.675,57,9.16,36,3.68,61.29
pressure_hpa,1013.412,sound_db,76.926,50,8.04,26,2.66,65.79
pressure_hpa,1013.412,sound_db,85.569,46,7.4,9,0.92,83.64
pressure_hpa,1013.412,sound_db,93.843,38,6.11,5,0.51,88.37
pressure_hpa,1013.412,sound_db,106.99,22,3.54,0,0.0,100.0
pressure_hpa,1014.08,sound_db,60.645,61,9.81,91,9.3,40.13
pressure_hpa,1014.08,sound_db,64.358,57,9.16,60,6.13,48.72
pressure_hpa,1014.08,sound_db,69.512,47,7.56,40,4.09,54.02
pressure_hpa,1014.08,sound_db,72.675,45,7.23,31,3.17,59.21
pressure_hpa,1014.08,sound_db,76.926,39,6.27,23,2.35,62.9
pressure_hpa,1014.08,sound_db,85.569,36,5.79,8,0.82,81.82
pressure_hpa,1014.08,sound_db,93.843,30,4.82,4,0.41,88.24
pressure_hpa,1014.08,sound_db,106.99,17,2.73,0,0.0,100.0
pressure_hpa,1014.852,sound_db,60.645,44,7.07,69,7.06,38.94
pressure_hpa,1014.852,sound_db,64.358,41,6.59,45,4.6,47.67
pressure_hpa,1014.852,sound_db,69.512,34,5.47,30,3.07,53.12
pressure_hpa,1014.852,sound_db,72.675,32,5.14,25,2.56,56.14
pressure_hpa,1014.852,sound_db,76.926,30,4.82,18,1.84,62.5
pressure_hpa,1014.852,sound_db,85.569,28,4.5,6,0.61,82.35
pressure_hpa,1014.852,sound_db,93.843,22,3.54,3,0.31,88.0
pressure_hpa,1014.852,sound_db,106.99,12,1.93,0,0.0,100.0
pressure_hpa,1015.813,sound_db,60.645,27,4.34,49,5.01,35.53
pressure_hpa,1015.813,sound_db,64.358,25,4.02,29,2.97,46.3
pressure_hpa,1015.813,sound_db,69.512,21,3.38,20,2.04,51.22
pressure_hpa,1015.813,sound_db,72.675,19,3.05,17,1.74,52.78
pressure_hpa,1015.813,sound_db,76.926,19,3.05,13,1.33,59.38
pressure_hpa,1015.813,sound_db,85.569,17,2.73,5,0.51,77.27
pressure_hpa,1015.813,sound_db,93.843,12,1.93,3,0.31,80.0
pressure_hpa,1015.813,sound_db,106.99,5,0.8,0,0.0,100.0
pressure_hpa,1016.93,sound_db,60.645,17,2.73,23,2.35,42.5
pressure_hpa,1016.93,sound_db,64.358,16,2.57,13,1.33,55.17
pressure_hpa,1016.93,sound_db,69.512,13,2.09,10,1.02,56.52
pressure_hpa,1016.93,sound_db,72.675,11,1.77,9,0.92,55.0
pressure_hpa,1016.93,sound_db,76.926,11,1.77,8,0.82,57.89
pressure_hpa,1016.93,sound_db,85.569,9,1.45,3,0.31,75.0
pressure_hpa,1016.93,sound_db,93.843,6,0.96,2,0.2,75.0
pressure_hpa,1016.93,sound_db,106.99,2,0.32,0,0.0,100.0
pressure_hpa,1010.995,vibration_g,0.21,213,34.24,205,20.96,50.96
pressure_hpa,1010.995,vibration_g,0.24,196,31.51,146,14.93,57.31
pressure_hpa,1010.995,vibration_g,0.31,166,26.69,92,9.41,64.34
pressure_hpa,1010.995,vibration_g,0.37,145,23.31,85,8.69,63.04
pressure_hpa,1010.995,vibration_g,1.872,112,18.01,81,8.28,58.03
pressure_hpa,1010.995,vibration_g,3.31,71,11.41,78,7.98,47.65
pressure_hpa,1010.995,vibration_g,4.101,41,6.59,58,5.93,41.41
pressure_hpa,1010.995,vibration_g,4.87,11,1.77,41,4.19,21.15
pressure_hpa,1011.99,vibration_g,0.21,162,26.05,167,17.08,49.24
pressure_hpa,1011.99,vibration_g,0.24,150,24.12,119,12.17,55.76
pressure_hpa,1011.99,vibration_g,0.31,128,20.58,76,7.77,62.75
pressure_hpa,1011.99,vibration_g,0.37,113,18.17,70,7.16,61.75
pressure_hpa,1011.99,vibration_g,1.872,87,13.99,67,6.85,56.49
pressure_hpa,1011.99,vibration_g,3.31,58,9.32,65,6.65,47.15
pressure_hpa,1011.99,vibration_g,4.101,35,5.63,49,5.01,41.67
pressure_hpa,1011.99,vibration_g,4.87,9,1.45,35,3.58,20.45
pressure_hpa,1012.93,vibration_g,0.21,109,17.52,120,12.27,47.6
pressure_hpa,1012.93,vibration_g,0.24,99,15.92,85,8.69,53.8
pressure_hpa,1012.93,vibration_g,0.31,84,13.5,52,5.32,61.76
pressure_hpa,1012.93,vibration_g,0.37,76,12.22,51,5.21,59.84
pressure_hpa,1012.93,vibration_g,1.872,57,9.16,50,5.11,53.27
pressure_hpa,1012.93,vibration_g,3.31,37,5.95,48,4.91,43.53
pressure_hpa,1012.93,vibration_g,4.101,20,3.22,34,3.48,37.04
pressure_hpa,1012.93,vibration_g,4.87,6,0.96,25,2.56,19.35
pressure_hpa,1013.412,vibration_g,0.21,84,13.5,98,10.02,46.15
pressure_hpa,1013.412,vibration_g,0.24,79,12.7,69,7.06,53.38
pressure_hpa,1013.412,vibration_g,0.31,66,10.61,43,4.4,60.55
pressure_hpa,1013.412,vibration_g,0.37,59,9.49,42,4.29,58.42
pressure_hpa,1013.412,vibration_g,1.872,45,7.23,42,4.29,51.72
pressure_hpa,1013.412,vibration_g,3.31,27,4.34,40,4.09,40.3
pressure_hpa,1013.412,vibration_g,4.101,14,2.25,28,2.86,33.33
pressure_hpa,1013.412,vibration_g,4.87,5,0.8,20,2.04,20.0
pressure_hpa,1014.08,vibration_g,0.21,61,9.81,83,8.49,42.36
pressure_hpa,1014.08,vibration_g,0.24,58,9.32,59,6.03,49.57
pressure_hpa,1014.08,vibration_g,0.31,49,7.88,36,3.68,57.65
pressure_hpa,1014.08,vibration_g,0.37,44,7.07,35,3.58,55.7
pressure_hpa,1014.08,vibration_g,1.872,35,5.63,35,3.58,50.0
pressure_hpa,1014.08,vibration_g,3.31,20,3.22,33,3.37,37.74
pressure_hpa,1014.08,vibration_g,4.101,10,1.61,23,2.35,30.3
pressure_hpa,1014.08,vibration_g,4.87,4,0.64,15,1.53,21.05
pressure_hpa,1014.852,vibration_g,0.21,44,7.07,62,6.34,41.51
pressure_hpa,1014.852,vibration_g,0.24,42,6.75,46,4.7,47.73
pressure_hpa,1014.852,vibration_g,0.31,36,5.79,29,2.97,55.38
pressure_hpa,1014.852,vibration_g,0.37,32,5.14,28,2.86,53.33
pressure_hpa,1014.852,vibration_g,1.872,27,4.34,28,2.86,49.09
pressure_hpa,1014.852,vibration_g,3.31,16,2.57,26,2.66,38.1
pressure_hpa,1014.852,vibration_g,4.101,7,1.13,18,1.84,28.0
pressure_hpa,1014.852,vibration_g,4.87,3,0.48,12,1.23,20.0
pressure_hpa,1015.813,vibration_g,0.21,26,4.18,41,4.19,38.81
pressure_hpa,1015.813,vibration_g,0.24,25,4.02,30,3.07,45.45
pressure_hpa,1015.813,vibration_g,0.31,22,3.54,18,1.84,55.0
pressure_hpa,1015.813,vibration_g,0.37,20,3.22,18,1.84,52.63
pressure_hpa,1015.813,vibration_g,1.872,17,2.73,18,1.84,48.57
pressure_hpa,1015.813,vibration_g,3.31,10,1.61,18,1.84,35.71
pressure_hpa,1015.813,vibration_g,4.101,5,0.8,13,1.33,27.78
pressure_hpa,1015.813,vibration_g,4.87,3,0.48,9,0.92,25.0
pressure_hpa,1016.93,vibration_g,0.21,15,2.41,21,2.15,41.67
pressure_hpa,1016.93,vibration_g,0.24,15,2.41,16,1.64,48.39
pressure_hpa,1016.93,vibration_g,0.31,13,2.09,9,0.92,59.09
pressure_hpa,1016.93,vibration_g,0.37,11,1.77,9,0.92,55.0
pressure_hpa,1016.93,vibration_g,1.872,9,1.45,9,0.92,50.0
pressure_hpa,1016.93,vibration_g,3.31,5,0.8,9,0.92,35.71
pressure_hpa,1016.93,vibration_g,4.101,3,0.48,7,0.72,30.0
pressure_hpa,1016.93,vibration_g,4.87,2,0.32,4,0.41,33.33
mq4_ch4_ppm,215.08,mq135_gas_ppm,93.995,412,66.24,252,25.77,62.05
mq4_ch4_ppm,215.08,mq135_gas_ppm,117.218,352,56.59,229,23.42,60.59
mq4_ch4_ppm,215.08,mq135_gas_ppm,173.78,246,39.55,197,20.14,55.53
mq4_ch4_ppm,215.08,mq135_gas_ppm,254.158,208,33.44,160,16.36,56.52
mq4_ch4_ppm,215.08,mq135_gas_ppm,328.848,180,28.94,113,11.55,61.43
mq4_ch4_ppm,215.08,mq135_gas_ppm,403.737,153,24.6,67,6.85,69.55
mq4_ch4_ppm,215.08,mq135_gas_ppm,470.341,109,17.52,41,4.19,72.67
mq4_ch4_ppm,215.08,mq135_gas_ppm,532.443,70,11.25,9,0.92,88.61
mq4_ch4_ppm,278.816,mq135_gas_ppm,93.995,385,61.9,196,20.04,66.27
mq4_ch4_ppm,278.816,mq135_gas_ppm,117.218,342,54.98,181,18.51,65.39
mq4_ch4_ppm,278.816,mq135_gas_ppm,173.78,240,38.59,152,15.54,61.22
mq4_ch4_ppm,278.816,mq135_gas_ppm,254.158,202,32.48,120,12.27,62.73
mq4_ch4_ppm,278.816,mq135_gas_ppm,328.848,174,27.97,83,8.49,67.7
mq4_ch4_ppm,278.816,mq135_gas_ppm,403.737,147,23.63,51,5.21,74.24
mq4_ch4_ppm,278.816,mq135_gas_ppm,470.341,104,16.72,35,3.58,74.82
mq4_ch4_ppm,278.816,mq135_gas_ppm,532.443,66,10.61,7,0.72,90.41
mq4_ch4_ppm,435.128,mq135_gas_ppm,93.995,351,56.43,80,8.18,81.44
mq4_ch4_ppm,435.128,mq135_gas_ppm,117.218,308,49.52,67,6.85,82.13
mq4_ch4_ppm,435.128,mq135_gas_ppm,173.78,206,33.12,39,3.99,84.08
mq4_ch4_ppm,435.128,mq135_gas_ppm,254.158,170,27.33,23,2.35,88.08
mq4_ch4_ppm,435.128,mq135_gas_ppm,328.848,147,23.63,14,1.43,91.3
mq4_ch4_ppm,435.128,mq135_gas_ppm,403.737,124,19.94,4,0.41,96.88
mq4_ch4_ppm,435.128,mq135_gas_ppm,470.341,90,14.47,3,0.31,96.77
mq4_ch4_ppm,435.128,mq135_gas_ppm,532.443,58,9.32,0,0.0,100.0
mq4_ch4_ppm,656.57,mq135_gas_ppm,93.995,284,45.66,67,6.85,80.91
mq4_ch4_ppm,656.57,mq135_gas_ppm,117.218,241,38.75,54,5.52,81.69
mq4_ch4_ppm,656.57,mq135_gas_ppm,173.78,139,22.35,26,2.66,84.24
mq4_ch4_ppm,656.57,mq135_gas_ppm,254.158,106,17.04,11,1.12,90.6
mq4_ch4_ppm,656.57,mq135_gas_ppm,328.848,89,14.31,6,0.61,93.68
mq4_ch4_ppm,656.57,mq135_gas_ppm,403.737,77,12.38,0,0.0,100.0
mq4_ch4_ppm,656.57,mq135_gas_ppm,470.341,60,9.65,0,0.0,100.0
mq4_ch4_ppm,656.57,mq135_gas_ppm,532.443,40,6.43,0,0.0,100.0
mq4_ch4_ppm,900.84,mq135_gas_ppm,93.995,216,34.73,56,5.73,79.41
mq4_ch4_ppm,900.84,mq135_gas_ppm,117.218,173,27.81,43,4.4,80.09
mq4_ch4_ppm,900.84,mq135_gas_ppm,173.78,71,11.41,16,1.64,81.61
mq4_ch4_ppm,900.84,mq135_gas_ppm,254.158,42,6.75,4,0.41,91.3
mq4_ch4_ppm,900.84,mq135_gas_ppm,328.848,33,5.31,3,0.31,91.67
mq4_ch4_ppm,900.84,mq135_gas_ppm,403.737,28,4.5,0,0.0,100.0
mq4_ch4_ppm,900.84,mq135_gas_ppm,470.341,20,3.22,0,0.0,100.0
mq4_ch4_ppm,900.84,mq135_gas_ppm,532.443,14,2.25,0,0.0,100.0
mq4_ch4_ppm,1190.033,mq135_gas_ppm,93.995,158,25.4,36,3.68,81.44
mq4_ch4_ppm,1190.033,mq135_gas_ppm,117.218,117,18.81,27,2.76,81.25
mq4_ch4_ppm,1190.033,mq135_gas_ppm,173.78,23,3.7,8,0.82,74.19
mq4_ch4_ppm,1190.033,mq135_gas_ppm,254.158,0,0.0,0,0.0,0.0
mq4_ch4_ppm,1190.033,mq135_gas_ppm,328.848,0,0.0,0,0.0,0.0
mq4_ch4_ppm,1190.033,mq135_gas_ppm,403.737,0,0.0,0,0.0,0.0
mq4_ch4_ppm,1190.033,mq135_gas_ppm,470.341,0,0.0,0,0.0,0.0
mq4_ch4_ppm,1190.033,mq135_gas_ppm,532.443,0,0.0,0,0.0,0.0
mq4_ch4_ppm,2403.872,mq135_gas_ppm,93.995,124,19.94,7,0.72,94.66
mq4_ch4_ppm,2403.872,mq135_gas_ppm,117.218,89,14.31,5,0.51,94.68
mq4_ch4_ppm,2403.872,mq135_gas_ppm,173.78,17,2.73,1,0.1,94.44
mq4_ch4_ppm,2403.872,mq135_gas_ppm,254.158,0,0.0,0,0.0,0.0
mq4_ch4_ppm,2403.872,mq135_gas_ppm,328.848,0,0.0,0,0.0,0.0
mq4_ch4_ppm,2403.872,mq135_gas_ppm,403.737,0,0.0,0,0.0,0.0
mq4_ch4_ppm,2403.872,mq135_gas_ppm,470.341,0,0.0,0,0.0,0.0
mq4_ch4_ppm,2403.872,mq135_gas_ppm,532.443,0,0.0,0,0.0,0.0
mq4_ch4_ppm,3497.03,mq135_gas_ppm,93.995,62,9.97,0,0.0,100.0
mq4_ch4_ppm,3497.03,mq135_gas_ppm,117.218,43,6.91,0,0.0,100.0
mq4_ch4_ppm,3497.03,mq135_gas_ppm,173.78,8,1.29,0,0.0,100.0
mq4_ch4_ppm,3497.03,mq135_gas_ppm,254.158,0,0.0,0,0.0,0.0
mq4_ch4_ppm,3497.03,mq135_gas_ppm,328.848,0,0.0,0,0.0,0.0
mq4_ch4_ppm,3497.03,mq135_gas_ppm,403.737,0,0.0,0,0.0,0.0
mq4_ch4_ppm,3497.03,mq135_gas_ppm,470.341,0,0.0,0,0.0,0.0
mq4_ch4_ppm,3497.03,mq135_gas_ppm,532.443,0,0.0,0,0.0,0.0
mq4_ch4_ppm,215.08,sound_db,60.645,353,56.75,110,11.25,76.24
mq4_ch4_ppm,215.08,sound_db,64.358,275,44.21,89,9.1,75.55
mq4_ch4_ppm,215.08,sound_db,69.512,168,27.01,69,7.06,70.89
mq4_ch4_ppm,215.08,sound_db,72.675,117,18.81,56,5.73,67.63
mq4_ch4_ppm,215.08,sound_db,76.926,73,11.74,39,3.99,65.18
mq4_ch4_ppm,215.08,sound_db,85.569,50,8.04,18,1.84,73.53
mq4_ch4_ppm,215.08,sound_db,93.843,40,6.43,3,0.31,93.02
mq4_ch4_ppm,215.08,sound_db,106.99,19,3.05,0,0.0,100.0
mq4_ch4_ppm,278.816,sound_db,60.645,298,47.91,78,7.98,79.26
mq4_ch4_ppm,278.816,sound_db,64.358,222,35.69,63,6.44,77.89
mq4_ch4_ppm,278.816,sound_db,69.512,117,18.81,45,4.6,72.22
mq4_ch4_ppm,278.816,sound_db,72.675,67,10.77,36,3.68,65.05
mq4_ch4_ppm,278.816,sound_db,76.926,23,3.7,22,2.25,51.11
mq4_ch4_ppm,278.816,sound_db,85.569,1,0.16,8,0.82,11.11
mq4_ch4_ppm,278.816,sound_db,93.843,0,0.0,2,0.2,0.0
mq4_ch4_ppm,278.816,sound_db,106.99,0,0.0,0,0.0,0.0
mq4_ch4_ppm,435.128,sound_db,60.645,271,43.57,60,6.13,81.87
mq4_ch4_ppm,435.128,sound_db,64.358,200,32.15,45,4.6,81.63
mq4_ch4_ppm,435.128,sound_db,69.512,105,16.88,28,2.86,78.95
mq4_ch4_ppm,435.128,sound_db,72.675,61,9.81,22,2.25,73.49
mq4_ch4_ppm,435.128,sound_db,76.926,21,3.38,9,0.92,70.0
mq4_ch4_ppm,435.128,sound_db,85.569,1,0.16,0,0.0,100.0
mq4_ch4_ppm,435.128,sound_db,93.843,0,0.0,0,0.0,0.0
mq4_ch4_ppm,435.128,sound_db,106.99,0,0.0,0,0.0,0.0
mq4_ch4_ppm,656.57,sound_db,60.645,207,33.28,52,5.32,79.92
mq4_ch4_ppm,656.57,sound_db,64.358,149,23.95,37,3.78,80.11
mq4_ch4_ppm,656.57,sound_db,69.512,76,12.22,24,2.45,76.0
mq4_ch4_ppm,656.57,sound_db,72.675,42,6.75,18,1.84,70.0
mq4_ch4_ppm,656.57,sound_db,76.926,16,2.57,7,0.72,69.57
mq4_ch4_ppm,656.57,sound_db,85.569,0,0.0,0,0.0,0.0
mq4_ch4_ppm,656.57,sound_db,93.843,0,0.0,0,0.0,0.0
mq4_ch4_ppm,656.57,sound_db,106.99,0,0.0,0,0.0,0.0
mq4_ch4_ppm,900.84,sound_db,60.645,153,24.6,42,4.29,78.46
mq4_ch4_ppm,900.84,sound_db,64.358,104,16.72,27,2.76,79.39
mq4_ch4_ppm,900.84,sound_db,69.512,44,7.07,19,1.94,69.84
mq4_ch4_ppm,900.84,sound_db,72.675,25,4.02,13,1.33,65.79
mq4_ch4_ppm,900.84,sound_db,76.926,7,1.13,4,0.41,63.64
mq4_ch4_ppm,900.84,sound_db,85.569,0,0.0,0,0.0,0.0
mq4_ch4_ppm,900.84,sound_db,93.843,0,0.0,0,0.0,0.0
mq4_ch4_ppm,900.84,sound_db,106.99,0,0.0,0,0.0,0.0
mq4_ch4_ppm,1190.033,sound_db,60.645,104,16.72,28,2.86,78.79
mq4_ch4_ppm,1190.033,sound_db,64.358,63,10.13,18,1.84,77.78
mq4_ch4_ppm,1190.033,sound_db,69.512,26,4.18,14,1.43,65.0
mq4_ch4_ppm,1190.033,sound_db,72.675,12,1.93,8,0.82,60.0
mq4_ch4_ppm,1190.033,sound_db,76.926,2,0.32,2,0.2,50.0
mq4_ch4_ppm,1190.033,sound_db,85.569,0,0.0,0,0.0,0.0
mq4_ch4_ppm,1190.033,sound_db,93.843,0,0.0,0,0.0,0.0
mq4_ch4_ppm,1190.033,sound_db,106.99,0,0.0,0,0.0,0.0
mq4_ch4_ppm,2403.872,sound_db,60.645,84,13.5,7,0.72,92.31
mq4_ch4_ppm,2403.872,sound_db,64.358,52,8.36,4,0.41,92.86
mq4_ch4_ppm,2403.872,sound_db,69.512,24,3.86,4,0.41,85.71
mq4_ch4_ppm,2403.872,sound_db,72.675,11,1.77,3,0.31,78.57
mq4_ch4_ppm,2403.872,sound_db,76.926,2,0.32,1,0.1,66.67
mq4_ch4_ppm,2403.872,sound_db,85.569,0,0.0,0,0.0,0.0
mq4_ch4_ppm,2403.872,sound_db,93.843,0,0.0,0,0.0,0.0
mq4_ch4_ppm,2403.872,sound_db,106.99,0,0.0,0,0.0,0.0
mq4_ch4_ppm,3497.03,sound_db,60.645,47,7.56,0,0.0,100.0
mq4_ch4_ppm,3497.03,sound_db,64.358,30,4.82,0,0.0,100.0
mq4_ch4_ppm,3497.03,sound_db,69.512,14,2.25,0,0.0,100.0
mq4_ch4_ppm,3497.03,sound_db,72.675,5,0.8,0,0.0,100.0
mq4_ch4_ppm,3497.03,sound_db,76.926,1,0.16,0,0.0,100.0
mq4_ch4_ppm,3497.03,sound_db,85.569,0,0.0,0,0.0,0.0
mq4_ch4_ppm,3497.03,sound_db,93.843,0,0.0,0,0.0,0.0
mq4_ch4_ppm,3497.03,sound_db,106.99,0,0.0,0,0.0,0.0
mq4_ch4_ppm,215.08,vibration_g,0.21,351,56.43,111,11.35,75.97
mq4_ch4_ppm,215.08,vibration_g,0.24,308,49.52,99,10.12,75.68
mq4_ch4_ppm,215.08,vibration_g,0.31,200,32.15,65,6.65,75.47
mq4_ch4_ppm,215.08,vibration_g,0.37,120,19.29,47,4.81,71.86
mq4_ch4_ppm,215.08,vibration_g,1.872,49,7.88,37,3.78,56.98
mq4_ch4_ppm,215.08,vibration_g,3.31,28,4.5,36,3.68,43.75
mq4_ch4_ppm,215.08,vibration_g,4.101,20,3.22,29,2.97,40.82
mq4_ch4_ppm,215.08,vibration_g,4.87,6,0.96,19,1.94,24.0
mq4_ch4_ppm,278.816,vibration_g,0.21,297,47.75,81,8.28,78.57
mq4_ch4_ppm,278.816,vibration_g,0.24,256,41.16,72,7.36,78.05
mq4_ch4_ppm,278.816,vibration_g,0.31,149,23.95,41,4.19,78.42
mq4_ch4_ppm,278.816,vibration_g,0.37,70,11.25,23,2.35,75.27
mq4_ch4_ppm,278.816,vibration_g,1.872,0,0.0,13,1.33,0.0
mq4_ch4_ppm,278.816,vibration_g,3.31,0,0.0,12,1.23,0.0
mq4_ch4_ppm,278.816,vibration_g,4.101,0,0.0,11,1.12,0.0
mq4_ch4_ppm,278.816,vibration_g,4.87,0,0.0,6,0.61,0.0
mq4_ch4_ppm,435.128,vibration_g,0.21,268,43.09,59,6.03,81.96
mq4_ch4_ppm,435.128,vibration_g,0.24,231,37.14,50,5.11,82.21
mq4_ch4_ppm,435.128,vibration_g,0.31,128,20.58,22,2.25,85.33
mq4_ch4_ppm,435.128,vibration_g,0.37,60,9.65,6,0.61,90.91
mq4_ch4_ppm,435.128,vibration_g,1.872,0,0.0,0,0.0,0.0
mq4_ch4_ppm,435.128,vibration_g,3.31,0,0.0,0,0.0,0.0
mq4_ch4_ppm,435.128,vibration_g,4.101,0,0.0,0,0.0,0.0
mq4_ch4_ppm,435.128,vibration_g,4.87,0,0.0,0,0.0,0.0
mq4_ch4_ppm,656.57,vibration_g,0.21,209,33.6,53,5.42,79.77
mq4_ch4_ppm,656.57,vibration_g,0.24,175,28.14,44,4.5,79.91
mq4_ch4_ppm,656.57,vibration_g,0.31,93,14.95,16,1.64,85.32
mq4_ch4_ppm,656.57,vibration_g,0.37,35,5.63,4,0.41,89.74
mq4_ch4_ppm,656.57,vibration_g,1.872,0,0.0,0,0.0,0.0
mq4_ch4_ppm,656.57,vibration_g,3.31,0,0.0,0,0.0,0.0
mq4_ch4_ppm,656.57,vibration_g,4.101,0,0.0,0,0.0,0.0
mq4_ch4_ppm,656.57,vibration_g,4.87,0,0.0,0,0.0,0.0
mq4_ch4_ppm,900.84,vibration_g,0.21,153,24.6,44,4.5,77.66
mq4_ch4_ppm,900.84,vibration_g,0.24,127,20.42,35,3.58,78.4
mq4_ch4_ppm,900.84,vibration_g,0.31,58,9.32,10,1.02,85.29
mq4_ch4_ppm,900.84,vibration_g,0.37,13,2.09,0,0.0,100.0
mq4_ch4_ppm,900.84,vibration_g,1.872,0,0.0,0,0.0,0.0
mq4_ch4_ppm,900.84,vibration_g,3.31,0,0.0,0,0.0,0.0
mq4_ch4_ppm,900.84,vibration_g,4.101,0,0.0,0,0.0,0.0
mq4_ch4_ppm,900.84,vibration_g,4.87,0,0.0,0,0.0,0.0
mq4_ch4_ppm,1190.033,vibration_g,0.21,102,16.4,31,3.17,76.69
mq4_ch4_ppm,1190.033,vibration_g,0.24,83,13.34,23,2.35,78.3
mq4_ch4_ppm,1190.033,vibration_g,0.31,31,4.98,7,0.72,81.58
mq4_ch4_ppm,1190.033,vibration_g,0.37,0,0.0,0,0.0,0.0
mq4_ch4_ppm,1190.033,vibration_g,1.872,0,0.0,0,0.0,0.0
mq4_ch4_ppm,1190.033,vibration_g,3.31,0,0.0,0,0.0,0.0
mq4_ch4_ppm,1190.033,vibration_g,4.101,0,0.0,0,0.0,0.0
mq4_ch4_ppm,1190.033,vibration_g,4.87,0,0.0,0,0.0,0.0
mq4_ch4_ppm,2403.872,vibration_g,0.21,76,12.22,7,0.72,91.57
mq4_ch4_ppm,2403.872,vibration_g,0.24,61,9.81,4,0.41,93.85
mq4_ch4_ppm,2403.872,vibration_g,0.31,25,4.02,3,0.31,89.29
mq4_ch4_ppm,2403.872,vibration_g,0.37,0,0.0,0,0.0,0.0
mq4_ch4_ppm,2403.872,vibration_g,1.872,0,0.0,0,0.0,0.0
mq4_ch4_ppm,2403.872,vibration_g,3.31,0,0.0,0,0.0,0.0
mq4_ch4_ppm,2403.872,vibration_g,4.101,0,0.0,0,0.0,0.0
mq4_ch4_ppm,2403.872,vibration_g,4.87,0,0.0,0,0.0,0.0
mq4_ch4_ppm,3497.03,vibration_g,0.21,45,7.23,0,0.0,100.0
mq4_ch4_ppm,3497.03,vibration_g,0.24,38,6.11,0,0.0,100.0
mq4_ch4_ppm,3497.03,vibration_g,0.31,13,2.09,0,0.0,100.0
mq4_ch4_ppm,3497.03,vibration_g,0.37,0,0.0,0,0.0,0.0
mq4_ch4_ppm,3497.03,vibration_g,1.872,0,0.0,0,0.0,0.0
mq4_ch4_ppm,3497.03,vibration_g,3.31,0,0.0,0,0.0,0.0
mq4_ch4_ppm,3497.03,vibration_g,4.101,0,0.0,0,0.0,0.0
mq4_ch4_ppm,3497.03,vibration_g,4.87,0,0.0,0,0.0,0.0
mq135_gas_ppm,93.995,sound_db,60.645,340,54.66,116,11.86,74.56
mq135_gas_ppm,93.995,sound_db,64.358,269,43.25,102,10.43,72.51
mq135_gas_ppm,93.995,sound_db,69.512,170,27.33,85,8.69,66.67
mq135_gas_ppm,93.995,sound_db,72.675,121,19.45,68,6.95,64.02
mq135_gas_ppm,93.995,sound_db,76.926,78,12.54,48,4.91,61.9
mq135_gas_ppm,93.995,sound_db,85.569,57,9.16,21,2.15,73.08
mq135_gas_ppm,93.995,sound_db,93.843,47,7.56,3,0.31,94.0
mq135_gas_ppm,93.995,sound_db,106.99,26,4.18,0,0.0,100.0
mq135_gas_ppm,117.218,sound_db,60.645,267,42.93,73,7.46,78.53
mq135_gas_ppm,117.218,sound_db,64.358,201,32.32,66,6.75,75.28
mq135_gas_ppm,117.218,sound_db,69.512,116,18.65,50,5.11,69.88
mq135_gas_ppm,117.218,sound_db,72.675,69,11.09,40,4.09,63.3
mq135_gas_ppm,117.218,sound_db,76.926,28,4.5,24,2.45,53.85
mq135_gas_ppm,117.218,sound_db,85.569,9,1.45,8,0.82,52.94
mq135_gas_ppm,117.218,sound_db,93.843,6,0.96,2,0.2,75.0
mq135_gas_ppm,117.218,sound_db,106.99,3,0.48,0,0.0,100.0
mq135_gas_ppm,173.78,sound_db,60.645,207,33.28,35,3.58,85.54
mq135_gas_ppm,173.78,sound_db,64.358,166,26.69,33,3.37,83.42
mq135_gas_ppm,173.78,sound_db,69.512,95,15.27,19,1.94,83.33
mq135_gas_ppm,173.78,sound_db,72.675,55,8.84,14,1.43,79.71
mq135_gas_ppm,173.78,sound_db,76.926,20,3.22,8,0.82,71.43
mq135_gas_ppm,173.78,sound_db,85.569,1,0.16,0,0.0,100.0
mq135_gas_ppm,173.78,sound_db,93.843,0,0.0,0,0.0,0.0
mq135_gas_ppm,173.78,sound_db,106.99,0,0.0,0,0.0,0.0
mq135_gas_ppm,254.158,sound_db,60.645,181,29.1,22,2.25,89.16
mq135_gas_ppm,254.158,sound_db,64.358,146,23.47,22,2.25,86.9
mq135_gas_ppm,254.158,sound_db,69.512,86,13.83,14,1.43,86.0
mq135_gas_ppm,254.158,sound_db,72.675,50,8.04,12,1.23,80.65
mq135_gas_ppm,254.158,sound_db,76.926,19,3.05,6,0.61,76.0
mq135_gas_ppm,254.158,sound_db,85.569,1,0.16,0,0.0,100.0
mq135_gas_ppm,254.158,sound_db,93.843,0,0.0,0,0.0,0.0
mq135_gas_ppm,254.158,sound_db,106.99,0,0.0,0,0.0,0.0
mq135_gas_ppm,328.848,sound_db,60.645,153,24.6,10,1.02,93.87
mq135_gas_ppm,328.848,sound_db,64.358,121,19.45,10,1.02,92.37
mq135_gas_ppm,328.848,sound_db,69.512,76,12.22,7,0.72,91.57
mq135_gas_ppm,328.848,sound_db,72.675,44,7.07,7,0.72,86.27
mq135_gas_ppm,328.848,sound_db,76.926,18,2.89,2,0.2,90.0
mq135_gas_ppm,328.848,sound_db,85.569,1,0.16,0,0.0,100.0
mq135_gas_ppm,328.848,sound_db,93.843,0,0.0,0,0.0,0.0
mq135_gas_ppm,328.848,sound_db,106.99,0,0.0,0,0.0,0.0
mq135_gas_ppm,403.737,sound_db,60.645,128,20.58,0,0.0,100.0
mq135_gas_ppm,403.737,sound_db,64.358,103,16.56,0,0.0,100.0
mq135_gas_ppm,403.737,sound_db,69.512,64,10.29,0,0.0,100.0
mq135_gas_ppm,403.737,sound_db,72.675,40,6.43,0,0.0,100.0
mq135_gas_ppm,403.737,sound_db,76.926,16,2.57,0,0.0,100.0
mq135_gas_ppm,403.737,sound_db,85.569,0,0.0,0,0.0,0.0
mq135_gas_ppm,403.737,sound_db,93.843,0,0.0,0,0.0,0.0
mq135_gas_ppm,403.737,sound_db,106.99,0,0.0,0,0.0,0.0
mq135_gas_ppm,470.341,sound_db,60.645,88,14.15,0,0.0,100.0
mq135_gas_ppm,470.341,sound_db,64.358,72,11.58,0,0.0,100.0
mq135_gas_ppm,470.341,sound_db,69.512,46,7.4,0,0.0,100.0
mq135_gas_ppm,470.341,sound_db,72.675,28,4.5,0,0.0,100.0
mq135_gas_ppm,470.341,sound_db,76.926,12,1.93,0,0.0,100.0
mq135_gas_ppm,470.341,sound_db,85.569,0,0.0,0,0.0,0.0
mq135_gas_ppm,470.341,sound_db,93.843,0,0.0,0,0.0,0.0
mq135_gas_ppm,470.341,sound_db,106.99,0,0.0,0,0.0,0.0
mq135_gas_ppm,532.443,sound_db,60.645,60,9.65,0,0.0,100.0
mq135_gas_ppm,532.443,sound_db,64.358,51,8.2,0,0.0,100.0
mq135_gas_ppm,532.443,sound_db,69.512,36,5.79,0,0.0,100.0
mq135_gas_ppm,532.443,sound_db,72.675,23,3.7,0,0.0,100.0
mq135_gas_ppm,532.443,sound_db,76.926,12,1.93,0,0.0,100.0
mq135_gas_ppm,532.443,sound_db,85.569,0,0.0,0,0.0,0.0
mq135_gas_ppm,532.443,sound_db,93.843,0,0.0,0,0.0,0.0
mq135_gas_ppm,532.443,sound_db,106.99,0,0.0,0,0.0,0.0
mq135_gas_ppm,93.995,vibration_g,0.21,335,53.86,116,11.86,74.28
mq135_gas_ppm,93.995,vibration_g,0.24,295,47.43,107,10.94,73.38
mq135_gas_ppm,93.995,vibration_g,0.31,202,32.48,80,8.18,71.63
mq135_gas_ppm,93.995,vibration_g,0.37,127,20.42,63,6.44,66.84
mq135_gas_ppm,93.995,vibration_g,1.872,56,9.0,53,5.42,51.38
mq135_gas_ppm,93.995,vibration_g,3.31,30,4.82,53,5.42,36.14
mq135_gas_ppm,93.995,vibration_g,4.101,16,2.57,37,3.78,30.19
mq135_gas_ppm,93.995,vibration_g,4.87,3,0.48,29,2.97,9.38
mq135_gas_ppm,117.218,vibration_g,0.21,259,41.64,74,7.57,77.78
mq135_gas_ppm,117.218,vibration_g,0.24,225,36.17,69,7.06,76.53
mq135_gas_ppm,117.218,vibration_g,0.31,145,23.31,45,4.6,76.32
mq135_gas_ppm,117.218,vibration_g,0.37,79,12.7,32,3.27,71.17
mq135_gas_ppm,117.218,vibration_g,1.872,8,1.29,22,2.25,26.67
mq135_gas_ppm,117.218,vibration_g,3.31,4,0.64,22,2.25,15.38
mq135_gas_ppm,117.218,vibration_g,4.101,2,0.32,17,1.74,10.53
mq135_gas_ppm,117.218,vibration_g,4.87,0,0.0,13,1.33,0.0
mq135_gas_ppm,173.78,vibration_g,0.21,205,32.96,35,3.58,85.42
mq135_gas_ppm,173.78,vibration_g,0.24,183,29.42,33,3.37,84.72
mq135_gas_ppm,173.78,vibration_g,0.31,122,19.61,20,2.04,85.92
mq135_gas_ppm,173.78,vibration_g,0.37,71,11.41,10,1.02,87.65
mq135_gas_ppm,173.78,vibration_g,1.872,0,0.0,0,0.0,0.0
mq135_gas_ppm,173.78,vibration_g,3.31,0,0.0,0,0.0,0.0
mq135_gas_ppm,173.78,vibration_g,4.101,0,0.0,0,0.0,0.0
mq135_gas_ppm,173.78,vibration_g,4.87,0,0.0,0,0.0,0.0
mq135_gas_ppm,254.158,vibration_g,0.21,177,28.46,24,2.45,88.06
mq135_gas_ppm,254.158,vibration_g,0.24,157,25.24,24,2.45,86.74
mq135_gas_ppm,254.158,vibration_g,0.31,107,17.2,17,1.74,86.29
mq135_gas_ppm,254.158,vibration_g,0.37,68,10.93,8,0.82,89.47
mq135_gas_ppm,254.158,vibration_g,1.872,0,0.0,0,0.0,0.0
mq135_gas_ppm,254.158,vibration_g,3.31,0,0.0,0,0.0,0.0
mq135_gas_ppm,254.158,vibration_g,4.101,0,0.0,0,0.0,0.0
mq135_gas_ppm,254.158,vibration_g,4.87,0,0.0,0,0.0,0.0
mq135_gas_ppm,328.848,vibration_g,0.21,154,24.76,8,0.82,95.06
mq135_gas_ppm,328.848,vibration_g,0.24,134,21.54,8,0.82,94.37
mq135_gas_ppm,328.848,vibration_g,0.31,89,14.31,5,0.51,94.68
mq135_gas_ppm,328.848,vibration_g,0.37,59,9.49,2,0.2,96.72
mq135_gas_ppm,328.848,vibration_g,1.872,0,0.0,0,0.0,0.0
mq135_gas_ppm,328.848,vibration_g,3.31,0,0.0,0,0.0,0.0
mq135_gas_ppm,328.848,vibration_g,4.101,0,0.0,0,0.0,0.0
mq135_gas_ppm,328.848,vibration_g,4.87,0,0.0,0,0.0,0.0
mq135_gas_ppm,403.737,vibration_g,0.21,131,21.06,0,0.0,100.0
mq135_gas_ppm,403.737,vibration_g,0.24,113,18.17,0,0.0,100.0
mq135_gas_ppm,403.737,vibration_g,0.31,73,11.74,0,0.0,100.0
mq135_gas_ppm,403.737,vibration_g,0.37,47,7.56,0,0.0,100.0
mq135_gas_ppm,403.737,vibration_g,1.872,0,0.0,0,0.0,0.0
mq135_gas_ppm,403.737,vibration_g,3.31,0,0.0,0,0.0,0.0
mq135_gas_ppm,403.737,vibration_g,4.101,0,0.0,0,0.0,0.0
mq135_gas_ppm,403.737,vibration_g,4.87,0,0.0,0,0.0,0.0
mq135_gas_ppm,470.341,vibration_g,0.21,90,14.47,0,0.0,100.0
mq135_gas_ppm,470.341,vibration_g,0.24,77,12.38,0,0.0,100.0
mq135_gas_ppm,470.341,vibration_g,0.31,48,7.72,0,0.0,100.0
mq135_gas_ppm,470.341,vibration_g,0.37,31,4.98,0,0.0,100.0
mq135_gas_ppm,470.341,vibration_g,1.872,0,0.0,0,0.0,0.0
mq135_gas_ppm,470.341,vibration_g,3.31,0,0.0,0,0.0,0.0
mq135_gas_ppm,470.341,vibration_g,4.101,0,0.0,0,0.0,0.0
mq135_gas_ppm,470.341,vibration_g,4.87,0,0.0,0,0.0,0.0
mq135_gas_ppm,532.443,vibration_g,0.21,61,9.81,0,0.0,100.0
mq135_gas_ppm,532.443,vibration_g,0.24,52,8.36,0,0.0,100.0
mq135_gas_ppm,532.443,vibration_g,0.31,35,5.63,0,0.0,100.0
mq135_gas_ppm,532.443,vibration_g,0.37,23,3.7,0,0.0,100.0
mq135_gas_ppm,532.443,vibration_g,1.872,0,0.0,0,0.0,0.0
mq135_gas_ppm,532.443,vibration_g,3.31,0,0.0,0,0.0,0.0
mq135_gas_ppm,532.443,vibration_g,4.101,0,0.0,0,0.0,0.0
mq135_gas_ppm,532.443,vibration_g,4.87,0,0.0,0,0.0,0.0
sound_db,60.645,vibration_g,0.21,423,68.01,195,19.94,68.45
sound_db,60.645,vibration_g,0.24,393,63.18,178,18.2,68.83
sound_db,60.645,vibration_g,0.31,311,50.0,148,15.13,67.76
sound_db,60.645,vibration_g,0.37,256,41.16,136,13.91,65.31
sound_db,60.645,vibration_g,1.872,192,30.87,128,13.09,60.0
sound_db,60.645,vibration_g,3.31,117,18.81,124,12.68,48.55
sound_db,60.645,vibration_g,4.101,67,10.77,93,9.51,41.88
sound_db,60.645,vibration_g,4.87,19,3.05,62,6.34,23.46
sound_db,64.358,vibration_g,0.21,371,59.65,176,18.0,67.82
sound_db,64.358,vibration_g,0.24,350,56.27,164,16.77,68.09
sound_db,64.358,vibration_g,0.31,289,46.46,146,14.93,66.44
sound_db,64.358,vibration_g,0.37,243,39.07,136,13.91,64.12
sound_db,64.358,vibration_g,1.872,192,30.87,128,13.09,60.0
sound_db,64.358,vibration_g,3.31,117,18.81,124,12.68,48.55
sound_db,64.358,vibration_g,4.101,67,10.77,93,9.51,41.88
sound_db,64.358,vibration_g,4.87,19,3.05,62,6.34,23.46
sound_db,69.512,vibration_g,0.21,290,46.62,150,15.34,65.91
sound_db,69.512,vibration_g,0.24,275,44.21,147,15.03,65.17
sound_db,69.512,vibration_g,0.31,249,40.03,137,14.01,64.51
sound_db,69.512,vibration_g,0.37,223,35.85,132,13.5,62.82
sound_db,69.512,vibration_g,1.872,192,30.87,128,13.09,60.0
sound_db,69.512,vibration_g,3.31,117,18.81,124,12.68,48.55
sound_db,69.512,vibration_g,4.101,67,10.77,93,9.51,41.88
sound_db,69.512,vibration_g,4.87,19,3.05,62,6.34,23.46
sound_db,72.675,vibration_g,0.21,252,40.51,128,13.09,66.32
sound_db,72.675,vibration_g,0.24,243,39.07,125,12.78,66.03
sound_db,72.675,vibration_g,0.31,229,36.82,120,12.27,65.62
sound_db,72.675,vibration_g,0.37,214,34.41,116,11.86,64.85
sound_db,72.675,vibration_g,1.872,192,30.87,113,11.55,62.95
sound_db,72.675,vibration_g,3.31,117,18.81,109,11.15,51.77
sound_db,72.675,vibration_g,4.101,67,10.77,80,8.18,45.58
sound_db,72.675,vibration_g,4.87,19,3.05,53,5.42,26.39
sound_db,76.926,vibration_g,0.21,212,34.08,100,10.22,67.95
sound_db,76.926,vibration_g,0.24,210,33.76,99,10.12,67.96
sound_db,76.926,vibration_g,0.31,208,33.44,97,9.92,68.2
sound_db,76.926,vibration_g,0.37,201,32.32,95,9.71,67.91
sound_db,76.926,vibration_g,1.872,192,30.87,93,9.51,67.37
sound_db,76.926,vibration_g,3.31,117,18.81,91,9.3,56.25
sound_db,76.926,vibration_g,4.101,67,10.77,69,7.06,49.26
sound_db,76.926,vibration_g,4.87,19,3.05,44,4.5,30.16
sound_db,85.569,vibration_g,0.21,194,31.19,46,4.7,80.83
sound_db,85.569,vibration_g,0.24,194,31.19,46,4.7,80.83
sound_db,85.569,vibration_g,0.31,194,31.19,46,4.7,80.83
sound_db,85.569,vibration_g,0.37,194,31.19,46,4.7,80.83
sound_db,85.569,vibration_g,1.872,192,30.87,46,4.7,80.67
sound_db,85.569,vibration_g,3.31,117,18.81,45,4.6,72.22
sound_db,85.569,vibration_g,4.101,67,10.77,35,3.58,65.69
sound_db,85.569,vibration_g,4.87,19,3.05,22,2.25,46.34
sound_db,93.843,vibration_g,0.21,151,24.28,9,0.92,94.38
sound_db,93.843,vibration_g,0.24,151,24.28,9,0.92,94.38
sound_db,93.843,vibration_g,0.31,151,24.28,9,0.92,94.38
sound_db,93.843,vibration_g,0.37,151,24.28,9,0.92,94.38
sound_db,93.843,vibration_g,1.872,150,24.12,9,0.92,94.34
sound_db,93.843,vibration_g,3.31,89,14.31,8,0.82,91.75
sound_db,93.843,vibration_g,4.101,51,8.2,6,0.61,89.47
sound_db,93.843,vibration_g,4.87,12,1.93,4,0.41,75.0
sound_db,106.99,vibration_g,0.21,80,12.86,0,0.0,100.0
sound_db,106.99,vibration_g,0.24,80,12.86,0,0.0,100.0
sound_db,106.99,vibration_g,0.31,80,12.86,0,0.0,100.0
sound_db,106.99,vibration_g,0.37,80,12.86,0,0.0,100.0
sound_db,106.99,vibration_g,1.872,79,12.7,0,0.0,100.0
sound_db,106.99,vibration_g,3.31,48,7.72,0,0.0,100.0
sound_db,106.99,vibration_g,4.101,31,4.98,0,0.0,100.0
sound_db,106.99,vibration_g,4.87,6,0.96,0,0.0,100.0
